1,令和２年国勢調査　小地域集計　（総務省統計局）,,,,,,,,,,,,,,
2,第2表　男女別人口，外国人人口及び世帯数－町丁・字等,,,,,,,,,,,,,,
3,,,,,,,,,,,1) 「人口（総数）」については，日本人・外国人の別「不詳」の者を含む。,,,,
4,,,,,,,,,,,人口,人口,人口,外国人人口,世帯数
5,市区町村コード,町丁字コード,地域階層レベル,秘匿処理,秘匿先情報,合算地域,都道府県名,市区町村名,大字・町名,字・丁目名,総数,男,女,-,-
6,"16201","-","1","","","","富山県","富山市","","",413938,202281,211657,6380,171917
7,"16201","0010","3","","","","富山県","富山市","桜町","",378,187,191,4,201
8,"16201","001001","4","","","","富山県","富山市","桜町","一丁目",345,172,173,4,183
9,"16201","001002","4","","","","富山県","富山市","桜町","二丁目",33,15,18,-,18
10,"16201","0020","2","","","","富山県","富山市","新桜町","",219,101,118,1,105
11,"16201","0030","2","","","","富山県","富山市","新総曲輪","",-,-,-,-,-
12,"16201","0040","2","","","","富山県","富山市","安住町","",120,56,64,2,61
13,"16201","0050","2","","","","富山県","富山市","本丸","",-,-,-,-,-
14,"16201","0060","3","","","","富山県","富山市","総曲輪","",734,337,397,9,368
15,"16201","006001","4","","","","富山県","富山市","総曲輪","一丁目",31,14,17,2,17
16,"16201","006002","4","","","","富山県","富山市","総曲輪","二丁目",58,23,35,-,24
17,"16201","006003","4","","","","富山県","富山市","総曲輪","三丁目",270,120,150,4,152
18,"16201","006004","4","","","","富山県","富山市","総曲輪","四丁目",375,180,195,3,175
19,"16201","0070","2","","","","富山県","富山市","大手町","",96,59,37,1,67
20,"16201","0080","2","","","","富山県","富山市","西町","",80,42,38,-,50
21,"16201","0090","2","","","","富山県","富山市","一番町","",156,77,79,1,82
22,"16201","0100","2","","","","富山県","富山市","越前町","",93,37,56,-,37
23,"16201","0110","3","","","","富山県","富山市","丸の内","",490,205,285,7,210
24,"16201","011001","4","","","","富山県","富山市","丸の内","一丁目",175,76,99,6,96
25,"16201","011002","4","","","","富山県","富山市","丸の内","二丁目",223,112,111,1,103
26,"16201","011003","4","","","","富山県","富山市","丸の内","三丁目",92,17,75,-,11
27,"16201","0120","2","","","","富山県","富山市","明輪町","",635,298,337,8,297
28,"16201","0130","3","","","","富山県","富山市","新富町","",118,66,52,-,77
29,"16201","013001","4","","","","富山県","富山市","新富町","一丁目",33,20,13,-,19
30,"16201","013002","4","","","","富山県","富山市","新富町","二丁目",85,46,39,-,58
31,"16201","0140","3","","","","富山県","富山市","宝町","",474,245,229,15,228
32,"16201","014001","4","","","","富山県","富山市","宝町","一丁目",323,173,150,10,170
33,"16201","014002","4","","","","富山県","富山市","宝町","二丁目",151,72,79,5,58
34,"16201","0150","3","","","","富山県","富山市","神通本町","",743,386,357,18,388
35,"16201","015001","4","","","","富山県","富山市","神通本町","一丁目",525,272,253,7,273
36,"16201","015002","4","","","","富山県","富山市","神通本町","二丁目",218,114,104,11,115
37,"16201","0160","3","","","","富山県","富山市","神通町","",740,374,366,18,354
38,"16201","016001","4","","","","富山県","富山市","神通町","一丁目",174,85,89,10,88
39,"16201","016002","4","","","","富山県","富山市","神通町","二丁目",306,165,141,-,142
40,"16201","016003","4","","","","富山県","富山市","神通町","三丁目",260,124,136,8,124
41,"16201","0170","2","","","","富山県","富山市","内幸町","",52,24,28,-,25
42,"16201","0180","2","","","","富山県","富山市","安田町","",156,70,86,-,83
43,"16201","0190","3","","","","富山県","富山市","愛宕町","",509,256,253,15,222
44,"16201","019001","4","","","","富山県","富山市","愛宕町","一丁目",225,116,109,6,104
45,"16201","019002","4","","","","富山県","富山市","愛宕町","二丁目",284,140,144,9,118
46,"16201","0200","2","","","","富山県","富山市","舟橋今町","",187,84,103,1,79
47,"16201","0210","2","","","","富山県","富山市","牛島町","",330,145,185,-,151
48,"16201","0220","3","","","","富山県","富山市","牛島本町","",750,372,378,9,383
49,"16201","022001","4","","","","富山県","富山市","牛島本町","一丁目",310,165,145,2,158
50,"16201","022002","4","","","","富山県","富山市","牛島本町","二丁目",440,207,233,7,225
51,"16201","0230","2","","","","富山県","富山市","木場町","",30,23,7,-,25
52,"16201","0240","3","","","","富山県","富山市","芝園町","",409,193,216,-,159
53,"16201","024001","4","","","","富山県","富山市","芝園町","一丁目",300,146,154,-,111
54,"16201","024002","4","","","","富山県","富山市","芝園町","二丁目",109,47,62,-,48
55,"16201","024003","4","","","","富山県","富山市","芝園町","三丁目",-,-,-,-,-
56,"16201","0250","2","","","","富山県","富山市","舟橋北町","",81,47,34,1,59
57,"16201","0260","2","","","","富山県","富山市","舟橋南町","",109,54,55,-,46
58,"16201","0270","3","","","","富山県","富山市","安野屋町","",635,324,311,14,358
59,"16201","027001","4","","","","富山県","富山市","安野屋町","一丁目",319,166,153,12,176
60,"16201","027002","4","","","","富山県","富山市","安野屋町","二丁目",145,77,68,-,86
61,"16201","027003","4","","","","富山県","富山市","安野屋町","三丁目",171,81,90,2,96
62,"16201","0280","2","","","","富山県","富山市","七軒町","",165,82,83,-,61
63,"16201","0290","3","","","","富山県","富山市","諏訪川原","",388,188,200,7,194
64,"16201","029001","4","","","","富山県","富山市","諏訪川原","一丁目",140,69,71,3,64
65,"16201","029002","4","","","","富山県","富山市","諏訪川原","二丁目",126,58,68,-,67
66,"16201","029003","4","","","","富山県","富山市","諏訪川原","三丁目",122,61,61,4,63
67,"16201","0300","2","","","","富山県","富山市","平吹町","",169,79,90,-,79
68,"16201","0310","3","","","","富山県","富山市","鹿島町","",349,176,173,7,158
69,"16201","031001","4","","","","富山県","富山市","鹿島町","一丁目",184,92,92,5,85
70,"16201","031002","4","","","","富山県","富山市","鹿島町","二丁目",165,84,81,2,73
71,"16201","0320","2","","","","富山県","富山市","桜橋通り","",-,-,-,-,-
72,"16201","0330","2","","","","富山県","富山市","桜木町","",68,45,23,-,48
73,"16201","0340","2","","","","富山県","富山市","本町","",61,30,31,1,34
74,"16201","0350","2","","","","富山県","富山市","今木町","",73,30,43,1,43
75,"16201","0360","2","","","","富山県","富山市","八人町","",165,85,80,5,87
76,"16201","0370","2","","","","富山県","富山市","新川原町","",145,66,79,-,56
77,"16201","0380","2","","","","富山県","富山市","日之出町","",128,64,64,1,80
78,"16201","0390","2","","","","富山県","富山市","小島町","",218,94,124,2,108
79,"16201","0400","2","","","","富山県","富山市","荒町","",25,10,15,-,15
80,"16201","0410","2","","","","富山県","富山市","蛯町","",63,32,31,-,34
81,"16201","0420","2","","","","富山県","富山市","白銀町","",447,216,231,23,236
82,"16201","0430","2","","","","富山県","富山市","常盤町","",51,22,29,-,24
83,"16201","0440","2","","","","富山県","富山市","豊川町","",85,40,45,2,48
84,"16201","0450","2","","","","富山県","富山市","砂町","",76,37,39,7,48
85,"16201","0460","3","","","","富山県","富山市","千歳町","",308,151,157,7,176
86,"16201","046001","4","","","","富山県","富山市","千歳町","一丁目",-,-,-,-,-
87,"16201","046002","4","","","","富山県","富山市","千歳町","二丁目",194,94,100,6,114
88,"16201","046003","4","","","","富山県","富山市","千歳町","三丁目",114,57,57,1,62
89,"16201","0470","3","","","","富山県","富山市","中央通り","",631,290,341,5,323
90,"16201","047001","4","","","","富山県","富山市","中央通り","一丁目",40,20,20,1,17
91,"16201","047002","4","","","","富山県","富山市","中央通り","二丁目",502,226,276,4,276
92,"16201","047003","4","","","","富山県","富山市","中央通り","三丁目",89,44,45,-,30
93,"16201","0480","2","","","","富山県","富山市","石倉町","",129,65,64,5,81
94,"16201","0490","3","","","","富山県","富山市","堤町通り","",279,130,149,1,140
95,"16201","049001","4","","","","富山県","富山市","堤町通り","一丁目",185,84,101,-,102
96,"16201","049002","4","","","","富山県","富山市","堤町通り","二丁目",94,46,48,1,38
97,"16201","0500","2","","","","富山県","富山市","上本町","",39,17,22,1,20
98,"16201","0510","2","","","","富山県","富山市","三番町","",202,96,106,1,112
99,"16201","0520","3","","","","富山県","富山市","室町通り","",261,117,144,1,117
100,"16201","052001","4","","","","富山県","富山市","室町通り","一丁目",203,88,115,1,94
101,"16201","052002","4","","","","富山県","富山市","室町通り","二丁目",58,29,29,-,23
102,"16201","0530","2","","","","富山県","富山市","五番町","",283,143,140,1,146
103,"16201","0540","2","","","","富山県","富山市","古鍛冶町","",220,111,109,-,135
104,"16201","0550","2","","","","富山県","富山市","南新町","",124,53,71,1,60
105,"16201","0560","3","","","","富山県","富山市","南田町","",348,161,187,3,181
106,"16201","056001","4","","","","富山県","富山市","南田町","一丁目",170,76,94,2,93
107,"16201","056002","4","","","","富山県","富山市","南田町","二丁目",178,85,93,1,88
108,"16201","0570","3","","","","富山県","富山市","梅沢町","",617,305,312,6,299
109,"16201","057001","4","","","","富山県","富山市","梅沢町","一丁目",149,80,69,1,85
110,"16201","057002","4","","","","富山県","富山市","梅沢町","二丁目",154,80,74,-,72
111,"16201","057003","4","","","","富山県","富山市","梅沢町","三丁目",314,145,169,5,142
112,"16201","0580","3","","","","富山県","富山市","辰巳町","",230,105,125,11,122
113,"16201","058001","4","","","","富山県","富山市","辰巳町","一丁目",103,46,57,11,63
114,"16201","058002","4","","","","富山県","富山市","辰巳町","二丁目",127,59,68,-,59
115,"16201","0590","3","","","","富山県","富山市","東田地方町","",1182,581,601,16,590
116,"16201","059001","4","","","","富山県","富山市","東田地方町","一丁目",860,425,435,6,460
117,"16201","059002","4","","","","富山県","富山市","東田地方町","二丁目",322,156,166,10,130
118,"16201","0600","3","","","","富山県","富山市","北新町","",172,79,93,-,75
119,"16201","060001","4","","","","富山県","富山市","北新町","一丁目",70,31,39,-,29
120,"16201","060002","4","","","","富山県","富山市","北新町","二丁目",102,48,54,-,46
121,"16201","0610","3","","","","富山県","富山市","柳町","",516,236,280,17,230
122,"16201","061001","4","","","","富山県","富山市","柳町","一丁目",90,44,46,9,36
123,"16201","061002","4","","","","富山県","富山市","柳町","二丁目",101,48,53,3,45
124,"16201","061003","4","","","","富山県","富山市","柳町","三丁目",200,87,113,3,95
125,"16201","061004","4","","","","富山県","富山市","柳町","四丁目",125,57,68,2,54
126,"16201","0620","2","","","","富山県","富山市","向川原町","",167,86,81,2,110
127,"16201","0630","3","","","","富山県","富山市","泉町","",370,180,190,6,184
128,"16201","063001","4","","","","富山県","富山市","泉町","一丁目",138,72,66,2,82
129,"16201","063002","4","","","","富山県","富山市","泉町","二丁目",232,108,124,4,102
130,"16201","0640","3","","","","富山県","富山市","弥生町","",380,197,183,4,209
131,"16201","064001","4","","","","富山県","富山市","弥生町","一丁目",160,82,78,2,93
132,"16201","064002","4","","","","富山県","富山市","弥生町","二丁目",220,115,105,2,116
133,"16201","0650","3","","","","富山県","富山市","稲荷元町","",1220,610,610,43,639
134,"16201","065001","4","","","","富山県","富山市","稲荷元町","一丁目",349,176,173,10,193
135,"16201","065002","4","","","","富山県","富山市","稲荷元町","二丁目",342,174,168,17,208
136,"16201","065003","4","","","","富山県","富山市","稲荷元町","三丁目",529,260,269,16,238
137,"16201","0660","3","","","","富山県","富山市","稲荷町","",547,251,296,22,247
138,"16201","066001","4","","","","富山県","富山市","稲荷町","一丁目",191,89,102,20,98
139,"16201","066002","4","","","","富山県","富山市","稲荷町","二丁目",138,65,73,1,57
140,"16201","066003","4","","","","富山県","富山市","稲荷町","三丁目",128,57,71,-,59
141,"16201","066004","4","","","","富山県","富山市","稲荷町","四丁目",90,40,50,1,33
142,"16201","0670","2","","","","富山県","富山市","於保多町","",211,125,86,5,130
143,"16201","0680","3","","","","富山県","富山市","館出町","",366,182,184,11,184
144,"16201","068001","4","","","","富山県","富山市","館出町","一丁目",156,80,76,1,88
145,"16201","068002","4","","","","富山県","富山市","館出町","二丁目",210,102,108,10,96
146,"16201","0690","3","","","","富山県","富山市","東町","",423,201,222,24,231
147,"16201","069001","4","","","","富山県","富山市","東町","一丁目",151,65,86,6,81
148,"16201","069002","4","","","","富山県","富山市","東町","二丁目",129,63,66,15,80
149,"16201","069003","4","","","","富山県","富山市","東町","三丁目",143,73,70,3,70
150,"16201","0700","3","","","","富山県","富山市","緑町","",230,94,136,7,120
151,"16201","070001","4","","","","富山県","富山市","緑町","一丁目",82,39,43,-,47
152,"16201","070002","4","","","","富山県","富山市","緑町","二丁目",148,55,93,7,73
153,"16201","0710","3","","","","富山県","富山市","清水町","",1524,744,780,11,730
154,"16201","071001","4","","","","富山県","富山市","清水町","一丁目",210,99,111,1,92
155,"16201","071002","4","","","","富山県","富山市","清水町","二丁目",127,65,62,1,51
156,"16201","071003","4","","","","富山県","富山市","清水町","三丁目",285,136,149,2,150
157,"16201","071004","4","","","","富山県","富山市","清水町","四丁目",104,48,56,1,56
158,"16201","071005","4","","","","富山県","富山市","清水町","五丁目",199,105,94,-,100
159,"16201","071006","4","","","","富山県","富山市","清水町","六丁目",148,73,75,4,82
160,"16201","071007","4","","","","富山県","富山市","清水町","七丁目",109,51,58,-,46
161,"16201","071008","4","","","","富山県","富山市","清水町","八丁目",153,77,76,2,70
162,"16201","071009","4","","","","富山県","富山市","清水町","九丁目",189,90,99,-,83
163,"16201","0720","3","","","","富山県","富山市","音羽町","",338,163,175,1,149
164,"16201","072001","4","","","","富山県","富山市","音羽町","一丁目",182,85,97,1,84
165,"16201","072002","4","","","","富山県","富山市","音羽町","二丁目",72,36,36,-,27
166,"16201","072003","4","","","","富山県","富山市","音羽町","二丁目（西部）",84,42,42,-,38
167,"16201","0730","3","","","","富山県","富山市","元町","",224,106,118,1,95
168,"16201","073001","4","","","","富山県","富山市","元町","一丁目",172,86,86,1,72
169,"16201","073002","4","","","","富山県","富山市","元町","二丁目",52,20,32,-,23
170,"16201","0740","2","","","","富山県","富山市","清水中町","",199,104,95,1,90
171,"16201","0750","2","","","","富山県","富山市","旭町","",362,180,182,3,165
172,"16201","0760","2","","","","富山県","富山市","雄山町","",204,92,112,5,95
173,"16201","0770","2","","","","富山県","富山市","西公文名町","",479,254,225,-,211
174,"16201","0780","2","","","","富山県","富山市","大泉北町","",237,119,118,1,93
175,"16201","0790","3","","","","富山県","富山市","大泉東町","",836,411,425,15,410
176,"16201","079001","4","","","","富山県","富山市","大泉東町","一丁目",397,193,204,8,198
177,"16201","079002","4","","","","富山県","富山市","大泉東町","二丁目",439,218,221,7,212
178,"16201","0800","2","","","","富山県","富山市","山王町","",86,39,47,5,55
179,"16201","0810","3","","","","富山県","富山市","星井町","",498,281,217,2,274
180,"16201","081001","4","","","","富山県","富山市","星井町","一丁目",229,151,78,2,157
181,"16201","081002","4","","","","富山県","富山市","星井町","二丁目",158,78,80,-,74
182,"16201","081003","4","","","","富山県","富山市","星井町","三丁目",111,52,59,-,43
183,"16201","0820","3","","","","富山県","富山市","太田口通り","",279,128,151,5,139
184,"16201","082001","4","","","","富山県","富山市","太田口通り","一丁目",73,38,35,-,38
185,"16201","082002","4","","","","富山県","富山市","太田口通り","二丁目",131,53,78,1,68
186,"16201","082003","4","","","","富山県","富山市","太田口通り","三丁目",75,37,38,4,33
187,"16201","0830","3","","","","富山県","富山市","中野新町","",189,96,93,3,72
188,"16201","083001","4","","","","富山県","富山市","中野新町","一丁目",39,17,22,-,17
189,"16201","083002","4","","","","富山県","富山市","中野新町","二丁目",150,79,71,3,55
190,"16201","0840","3","","","","富山県","富山市","西中野町","",793,402,391,8,409
191,"16201","084001","4","","","","富山県","富山市","西中野町","一丁目",323,164,159,4,160
192,"16201","084002","4","","","","富山県","富山市","西中野町","二丁目",451,229,222,4,240
193,"16201","084003","4","","","","富山県","富山市","西中野町","一丁目（堀川）",19,9,10,-,9
194,"16201","0850","3","","","","富山県","富山市","小泉町","",599,274,325,9,290
195,"16201","085001","4","","","","富山県","富山市","小泉町","北部",229,104,125,-,103
196,"16201","085002","4","","","","富山県","富山市","小泉町","中部",124,66,58,4,61
197,"16201","085003","4","","","","富山県","富山市","小泉町","東部",57,27,30,-,30
198,"16201","085004","4","","","","富山県","富山市","小泉町","南部",189,77,112,5,96
199,"16201","0860","3","合算地域あり","","086000;086001","富山県","富山市","西中野本町","",278,136,142,2,138
200,"16201","086000","4","秘匿地域","0860","","富山県","富山市","西中野本町","",X,X,X,X,X
201,"16201","086001","4","秘匿地域","0860","","富山県","富山市","西中野本町","堀川",X,X,X,X,X
202,"16201","0870","3","","","","富山県","富山市","磯部町","",1332,638,694,2,568
203,"16201","087001","4","","","","富山県","富山市","磯部町","一丁目",493,229,264,-,213
204,"16201","087002","4","","","","富山県","富山市","磯部町","二丁目",247,117,130,1,101
205,"16201","087003","4","","","","富山県","富山市","磯部町","三丁目",208,106,102,-,81
206,"16201","087004","4","","","","富山県","富山市","磯部町","四丁目",384,186,198,1,173
207,"16201","0880","2","","","","富山県","富山市","土居原町","",95,43,52,2,41
208,"16201","0890","3","","","","富山県","富山市","桃井町","",268,133,135,2,121
209,"16201","089001","4","","","","富山県","富山市","桃井町","一丁目",134,67,67,2,60
210,"16201","089002","4","","","","富山県","富山市","桃井町","二丁目",134,66,68,-,61
211,"16201","0900","2","","","","富山県","富山市","旅籠町","",73,34,39,-,40
212,"16201","0910","2","","","","富山県","富山市","西四十物町","",194,79,115,2,99
213,"16201","0920","2","","","","富山県","富山市","西山王町","",243,124,119,-,110
214,"16201","0930","2","","","","富山県","富山市","堀端町","",128,64,64,1,52
215,"16201","0940","2","","","","富山県","富山市","相生町","",197,103,94,5,85
216,"16201","0950","3","","","","富山県","富山市","長柄町","",471,222,249,2,213
217,"16201","095001","4","","","","富山県","富山市","長柄町","一丁目",231,107,124,2,107
218,"16201","095002","4","","","","富山県","富山市","長柄町","二丁目",159,76,83,-,63
219,"16201","095003","4","","","","富山県","富山市","長柄町","三丁目",81,39,42,-,43
220,"16201","0960","3","","","","富山県","富山市","西田地方町","",753,395,358,12,378
221,"16201","096001","4","","","","富山県","富山市","西田地方町","一丁目",109,50,59,-,40
222,"16201","096002","4","","","","富山県","富山市","西田地方町","二丁目",225,125,100,9,111
223,"16201","096003","4","","","","富山県","富山市","西田地方町","三丁目",419,220,199,3,227
224,"16201","0970","3","","","","富山県","富山市","千石町","",986,465,521,7,494
225,"16201","097001","4","","","","富山県","富山市","千石町","一丁目",89,46,43,-,57
226,"16201","097002","4","","","","富山県","富山市","千石町","二丁目",180,75,105,3,82
227,"16201","097003","4","","","","富山県","富山市","千石町","三丁目",140,56,84,-,63
228,"16201","097004","4","","","","富山県","富山市","千石町","四丁目",191,99,92,1,91
229,"16201","097005","4","","","","富山県","富山市","千石町","五丁目",277,137,140,3,143
230,"16201","097006","4","","","","富山県","富山市","千石町","六丁目",109,52,57,-,58
231,"16201","0980","3","","","","富山県","富山市","花園町","",894,414,480,21,414
232,"16201","098001","4","","","","富山県","富山市","花園町","一丁目",241,102,139,8,108
233,"16201","098002","4","","","","富山県","富山市","花園町","二丁目",140,69,71,6,63
234,"16201","098003","4","","","","富山県","富山市","花園町","三丁目",203,97,106,4,102
235,"16201","098004","4","","","","富山県","富山市","花園町","四丁目",310,146,164,3,141
236,"16201","0990","3","","","","富山県","富山市","布瀬町","",900,423,477,8,399
237,"16201","099001","4","","","","富山県","富山市","布瀬町","一丁目",283,136,147,3,117
238,"16201","099002","4","","","","富山県","富山市","布瀬町","二丁目",617,287,330,5,282
239,"16201","1000","3","","","","富山県","富山市","新根塚町","",1401,705,696,20,630
240,"16201","100001","4","","","","富山県","富山市","新根塚町","一丁目",411,203,208,10,169
241,"16201","100002","4","","","","富山県","富山市","新根塚町","二丁目",383,188,195,-,169
242,"16201","100003","4","","","","富山県","富山市","新根塚町","三丁目",403,202,201,9,186
243,"16201","100004","4","","","","富山県","富山市","新根塚町","一丁目（西田）",204,112,92,1,106
244,"16201","1011","3","","","","富山県","富山市","堀川小泉町","",645,317,328,4,288
245,"16201","101101","4","","","","富山県","富山市","堀川小泉町","一丁目",579,288,291,3,256
246,"16201","101102","4","","","","富山県","富山市","堀川小泉町","二丁目",66,29,37,1,32
247,"16201","1012","3","","","","富山県","富山市","堀川小泉町","",752,364,388,5,331
248,"16201","101201","4","","","","富山県","富山市","堀川小泉町","一区",541,264,277,3,238
249,"16201","101202","4","","","","富山県","富山市","堀川小泉町","二区",211,100,111,2,93
250,"16201","1020","3","","","","富山県","富山市","東中野町","",828,383,445,15,368
251,"16201","102001","4","","","","富山県","富山市","東中野町","一丁目",57,23,34,-,23
252,"16201","102002","4","","","","富山県","富山市","東中野町","二丁目",457,217,240,7,200
253,"16201","102003","4","","","","富山県","富山市","東中野町","三丁目",314,143,171,8,145
254,"16201","1030","3","","","","富山県","富山市","大泉町","",521,242,279,4,208
255,"16201","103001","4","","","","富山県","富山市","大泉町","一丁目",135,67,68,1,69
256,"16201","103002","4","","","","富山県","富山市","大泉町","二丁目",250,108,142,1,80
257,"16201","103003","4","","","","富山県","富山市","大泉町","三丁目",136,67,69,2,59
258,"16201","1040","3","","","","富山県","富山市","大泉","",1817,891,926,27,747
259,"16201","104001","4","","","","富山県","富山市","大泉","一区南部",1129,569,560,19,453
260,"16201","104002","4","","","","富山県","富山市","大泉","中部",550,268,282,3,236
261,"16201","104003","4","","","","富山県","富山市","大泉","東部",138,54,84,5,58
262,"16201","1050","2","","","","富山県","富山市","太郎丸","",265,113,152,5,122
263,"16201","1060","2","","","","富山県","富山市","掛尾町","",1052,503,549,14,572
264,"16201","1070","2","","","","富山県","富山市","今泉","",1394,582,812,17,552
265,"16201","1080","3","","","","富山県","富山市","二口町","",1378,673,705,12,613
266,"16201","108001","4","","","","富山県","富山市","二口町","一丁目",293,144,149,-,126
267,"16201","108002","4","","","","富山県","富山市","二口町","二丁目",274,136,138,1,117
268,"16201","108003","4","","","","富山県","富山市","二口町","三丁目",288,134,154,4,112
269,"16201","108004","4","","","","富山県","富山市","二口町","四丁目",336,163,173,2,160
270,"16201","108005","4","","","","富山県","富山市","二口町","五丁目",187,96,91,5,98
271,"16201","1090","3","","","","富山県","富山市","根塚町","",826,393,433,10,331
272,"16201","109001","4","","","","富山県","富山市","根塚町","一丁目",365,173,192,4,147
273,"16201","109002","4","","","","富山県","富山市","根塚町","二丁目",54,27,27,-,28
274,"16201","109003","4","","","","富山県","富山市","根塚町","三丁目",233,113,120,4,91
275,"16201","109004","4","","","","富山県","富山市","根塚町","四丁目",174,80,94,2,65
276,"16201","1100","2","","","","富山県","富山市","大泉中町","",418,205,213,17,192
277,"16201","1110","2","","","","富山県","富山市","西大泉","",368,187,181,1,172
278,"16201","1130","3","","","","富山県","富山市","大泉本町","",873,405,468,14,356
279,"16201","113001","4","","","","富山県","富山市","大泉本町","一丁目",252,120,132,5,94
280,"16201","113002","4","","","","富山県","富山市","大泉本町","二丁目",621,285,336,9,262
281,"16201","1140","3","","","","富山県","富山市","本郷町","",5055,2469,2586,57,2049
282,"16201","114000","4","","","","富山県","富山市","本郷町","",96,42,54,-,31
283,"16201","114001","4","","","","富山県","富山市","本郷町","一区",1319,631,688,15,534
284,"16201","114002","4","","","","富山県","富山市","本郷町","二区",732,351,381,6,284
285,"16201","114003","4","","","","富山県","富山市","本郷町","三区",786,383,403,10,312
286,"16201","114004","4","","","","富山県","富山市","本郷町","四区",800,430,370,19,299
287,"16201","114005","4","","","","富山県","富山市","本郷町","五区",1322,632,690,7,589
288,"16201","1150","2","","","","富山県","富山市","本郷新","",685,337,348,6,319
289,"16201","1160","3","","","","富山県","富山市","大町","",3567,1720,1847,27,1527
290,"16201","116001","4","","","","富山県","富山市","大町","一区北部",267,130,137,1,119
291,"16201","116002","4","","","","富山県","富山市","大町","二区",602,291,311,5,296
292,"16201","116003","4","","","","富山県","富山市","大町","一区中部",389,183,206,2,205
293,"16201","116004","4","","","","富山県","富山市","大町","一区西部",283,126,157,9,163
294,"16201","116005","4","","","","富山県","富山市","大町","一区南部",2026,990,1036,10,744
295,"16201","1170","2","","","","富山県","富山市","大町南台","",213,93,120,6,96
296,"16201","1180","2","","","","富山県","富山市","清住町","",381,189,192,1,158
297,"16201","1190","2","","","","富山県","富山市","堀川天山町","",274,136,138,8,116
298,"16201","1200","2","","","","富山県","富山市","堀川町","",2710,1340,1370,22,1354
299,"16201","1210","2","","","","富山県","富山市","下堀","",1402,662,740,9,585
300,"16201","1220","2","","","","富山県","富山市","上堀町","",713,345,368,10,330
301,"16201","1240","2","","","","富山県","富山市","上新保","",539,257,282,2,176
302,"16201","1250","2","","","","富山県","富山市","上堀南町","",223,108,115,-,87
303,"16201","1261","3","","","","富山県","富山市","長江本町","",544,271,273,2,266
304,"16201","126100","4","合算地域あり","","1262","富山県","富山市","長江本町","",516,260,256,2,253
305,"16201","126101","4","","","","富山県","富山市","長江本町","山室",28,11,17,-,13
306,"16201","1262","2","秘匿地域","126100","","富山県","富山市","長江一区","",X,X,X,X,X
307,"16201","1270","3","","","","富山県","富山市","不二越町","",428,210,218,8,189
308,"16201","127000","4","","","","富山県","富山市","不二越町","",393,191,202,8,169
309,"16201","127001","4","","","","富山県","富山市","不二越町","山室",35,19,16,-,20
310,"16201","1280","3","","","","富山県","富山市","不二越本町","",-,-,-,-,-
311,"16201","128001","4","","","","富山県","富山市","不二越本町","一丁目",-,-,-,-,-
312,"16201","128002","4","","","","富山県","富山市","不二越本町","二丁目",-,-,-,-,-
313,"16201","1290","3","合算地域あり","","129000;129001","富山県","富山市","東石金町","",672,456,216,24,487
314,"16201","129000","4","秘匿地域","1290","","富山県","富山市","東石金町","",X,X,X,X,X
315,"16201","129001","4","秘匿地域","1290","","富山県","富山市","東石金町","山室",X,X,X,X,X
316,"16201","1300","2","","","","富山県","富山市","清水元町","",239,143,96,7,166
317,"16201","1310","3","","","","富山県","富山市","栄町","",499,233,266,9,220
318,"16201","131001","4","","","","富山県","富山市","栄町","一丁目",202,94,108,4,87
319,"16201","131002","4","","","","富山県","富山市","栄町","二丁目",283,133,150,5,125
320,"16201","131003","4","","","","富山県","富山市","栄町","三丁目",14,6,8,-,8
321,"16201","1320","3","","","","富山県","富山市","住吉町","",444,234,210,20,224
322,"16201","132001","4","","","","富山県","富山市","住吉町","一丁目",238,135,103,4,130
323,"16201","132002","4","","","","富山県","富山市","住吉町","二丁目",206,99,107,16,94
324,"16201","1330","3","","","","富山県","富山市","長江新町","",1181,534,647,5,481
325,"16201","133001","4","","","","富山県","富山市","長江新町","一丁目",280,126,154,2,110
326,"16201","133002","4","","","","富山県","富山市","長江新町","二丁目",210,89,121,-,93
327,"16201","133003","4","","","","富山県","富山市","長江新町","三丁目",534,244,290,2,211
328,"16201","133004","4","","","","富山県","富山市","長江新町","四丁目",157,75,82,1,67
329,"16201","1341","3","","","","富山県","富山市","長江東町","",608,289,319,1,269
330,"16201","134101","4","","","","富山県","富山市","長江東町","一丁目",272,126,146,1,116
331,"16201","134102","4","","","","富山県","富山市","長江東町","二丁目",160,72,88,-,70
332,"16201","134103","4","","","","富山県","富山市","長江東町","三丁目",176,91,85,-,83
333,"16201","1342","3","","","","富山県","富山市","長江東町","",176,83,93,-,87
334,"16201","134202","4","","","","富山県","富山市","長江東町","二丁目",144,65,79,-,76
335,"16201","134203","4","","","","富山県","富山市","長江東町","三丁目",32,18,14,-,11
336,"16201","1350","3","","","","富山県","富山市","石金","",1010,479,531,24,533
337,"16201","135001","4","","","","富山県","富山市","石金","一丁目",485,214,271,6,238
338,"16201","135002","4","","","","富山県","富山市","石金","二丁目",225,123,102,11,151
339,"16201","135003","4","","","","富山県","富山市","石金","三丁目",300,142,158,7,144
340,"16201","1360","2","","","","富山県","富山市","西長江本町","",188,92,96,12,79
341,"16201","1370","3","","","","富山県","富山市","西長江","",1050,499,551,12,512
342,"16201","137001","4","","","","富山県","富山市","西長江","一丁目",257,123,134,7,135
343,"16201","137002","4","","","","富山県","富山市","西長江","二丁目",315,144,171,1,143
344,"16201","137003","4","","","","富山県","富山市","西長江","三丁目",243,114,129,2,115
345,"16201","137004","4","","","","富山県","富山市","西長江","四丁目",235,118,117,2,119
346,"16201","1380","3","","","","富山県","富山市","長江","",1292,583,709,14,560
347,"16201","138001","4","","","","富山県","富山市","長江","一丁目",208,87,121,2,118
348,"16201","138002","4","","","","富山県","富山市","長江","二丁目",275,133,142,6,116
349,"16201","138003","4","","","","富山県","富山市","長江","三丁目",272,127,145,1,129
350,"16201","138004","4","","","","富山県","富山市","長江","四丁目",364,168,196,3,156
351,"16201","138005","4","","","","富山県","富山市","長江","五丁目",173,68,105,2,41
352,"16201","1390","2","合算地域あり","","1570","富山県","富山市","下新町","",1005,520,485,9,432
353,"16201","1400","2","","","","富山県","富山市","湊入船町","",258,135,123,2,170
354,"16201","1410","2","","","","富山県","富山市","牛島新町","",290,137,153,14,160
355,"16201","1420","2","","","","富山県","富山市","赤江町","",72,39,33,7,33
356,"16201","1430","2","","","","富山県","富山市","奥田新町","",250,162,88,-,171
357,"16201","1440","2","","","","富山県","富山市","奥田寿町","",463,212,251,7,202
358,"16201","1450","2","","","","富山県","富山市","永楽町","",679,328,351,5,315
359,"16201","1460","2","","","","富山県","富山市","城北町","",415,201,214,8,196
360,"16201","1470","2","","","","富山県","富山市","曙町","",591,330,261,4,326
361,"16201","1480","3","","","","富山県","富山市","下奥井","",428,212,216,7,204
362,"16201","148001","4","","","","富山県","富山市","下奥井","一丁目",428,212,216,7,204
363,"16201","148002","4","","","","富山県","富山市","下奥井","二丁目",-,-,-,-,-
364,"16201","1490","2","","","","富山県","富山市","四ツ葉町","",823,401,422,7,382
365,"16201","1500","2","","","","富山県","富山市","窪新町","",1366,659,707,30,686
366,"16201","1510","2","","","","富山県","富山市","窪本町","",1048,495,553,13,457
367,"16201","1520","2","","","","富山県","富山市","久方町","",587,313,274,2,295
368,"16201","1530","2","","","","富山県","富山市","奥田町","",675,342,333,8,308
369,"16201","1540","2","","","","富山県","富山市","奥田双葉町","",462,233,229,4,215
370,"16201","1550","2","","","","富山県","富山市","奥田本町","",395,200,195,19,186
371,"16201","1560","2","","","","富山県","富山市","奥井町","",872,461,411,14,426
372,"16201","1570","2","秘匿地域","1390","","富山県","富山市","下新西町","",X,X,X,X,X
373,"16201","1580","2","","","","富山県","富山市","下新北町","",1072,478,594,16,386
374,"16201","1590","2","","","","富山県","富山市","下新本町","",678,341,337,7,310
375,"16201","1600","3","","","","富山県","富山市","中島","",2610,1271,1339,19,1063
376,"16201","160001","4","","","","富山県","富山市","中島","一丁目",688,335,353,6,294
377,"16201","160002","4","","","","富山県","富山市","中島","二丁目",651,325,326,7,253
378,"16201","160003","4","","","","富山県","富山市","中島","三丁目",809,380,429,4,326
379,"16201","160004","4","","","","富山県","富山市","中島","四丁目",340,177,163,1,131
380,"16201","160005","4","","","","富山県","富山市","中島","五丁目",122,54,68,1,59
381,"16201","1610","2","","","","富山県","富山市","松若町","",987,441,546,10,441
382,"16201","1620","2","","","","富山県","富山市","千代田町","",435,215,220,12,220
383,"16201","1630","3","","","","富山県","富山市","粟島町","",2356,1132,1224,24,1040
384,"16201","163001","4","","","","富山県","富山市","粟島町","一丁目",874,415,459,13,407
385,"16201","163002","4","","","","富山県","富山市","粟島町","二丁目",604,283,321,4,254
386,"16201","163003","4","","","","富山県","富山市","粟島町","三丁目",878,434,444,7,379
387,"16201","1640","2","","","","富山県","富山市","興人町","",-,-,-,-,-
388,"16201","1651","2","","","","富山県","富山市","石坂東町","",117,61,56,-,57
389,"16201","1652","2","","","","富山県","富山市","石坂","",1582,758,824,12,578
390,"16201","1660","2","","","","富山県","富山市","駒見","",448,240,208,10,226
391,"16201","1670","2","","","","富山県","富山市","田刈屋","",593,284,309,6,225
392,"16201","1680","2","","","","富山県","富山市","田刈屋新町","",182,86,96,-,77
393,"16201","1690","2","","","","富山県","富山市","畑中","",134,62,72,1,60
394,"16201","1701","3","","","","富山県","富山市","桜谷みどり町","",356,165,191,1,136
395,"16201","170101","4","","","","富山県","富山市","桜谷みどり町","一丁目",251,118,133,1,92
396,"16201","170102","4","","","","富山県","富山市","桜谷みどり町","二丁目",105,47,58,-,44
397,"16201","1702","2","","","","富山県","富山市","五艘","",1234,605,629,20,580
398,"16201","1710","2","","","","富山県","富山市","安養坊","",958,516,442,23,517
399,"16201","1720","3","","","","富山県","富山市","五福","",7219,4172,3047,266,5379
400,"16201","172001","4","","","","富山県","富山市","五福","一区の一",285,158,127,2,180
401,"16201","172002","4","","","","富山県","富山市","五福","一区の二",313,190,123,12,244
402,"16201","172003","4","","","","富山県","富山市","五福","二区",757,460,297,40,592
403,"16201","172004","4","","","","富山県","富山市","五福","三区",501,294,207,14,357
404,"16201","172005","4","","","","富山県","富山市","五福","四区",995,564,431,29,687
405,"16201","172006","4","","","","富山県","富山市","五福","五区",533,289,244,25,424
406,"16201","172007","4","","","","富山県","富山市","五福","六区",639,369,270,32,483
407,"16201","172008","4","","","","富山県","富山市","五福","末広町",941,532,409,35,677
408,"16201","172009","4","","","","富山県","富山市","五福","八区",276,158,118,10,253
409,"16201","172010","4","","","","富山県","富山市","五福","九区",1263,796,467,46,972
410,"16201","172011","4","","","","富山県","富山市","五福","一〇区",716,362,354,21,510
411,"16201","1730","2","","","","富山県","富山市","五福新町","",243,112,131,6,109
412,"16201","1740","2","","","","富山県","富山市","ひよどり南台","",125,54,71,-,48
413,"16201","1750","3","","","","富山県","富山市","寺町","",1853,1153,700,105,1127
414,"16201","175001","4","","","","富山県","富山市","寺町","一区",477,304,173,45,170
415,"16201","175002","4","","","","富山県","富山市","寺町","二区",185,117,68,17,136
416,"16201","175003","4","","","","富山県","富山市","寺町","三区",151,90,61,18,102
417,"16201","175004","4","","","","富山県","富山市","寺町","四区",414,234,180,13,255
418,"16201","175005","4","","","","富山県","富山市","寺町","六区",626,408,218,12,464
419,"16201","1760","2","","","","富山県","富山市","下野新","",437,231,206,27,231
420,"16201","1770","3","","","","富山県","富山市","金屋","",641,316,325,6,259
421,"16201","177001","4","","","","富山県","富山市","金屋","一区",148,68,80,1,50
422,"16201","177002","4","","","","富山県","富山市","金屋","二区",151,80,71,-,48
423,"16201","177003","4","","","","富山県","富山市","金屋","三区",71,34,37,1,29
424,"16201","177004","4","","","","富山県","富山市","金屋","四区",271,134,137,4,132
425,"16201","1780","3","","","","富山県","富山市","鵯島","",1170,619,551,31,621
426,"16201","178001","4","","","","富山県","富山市","鵯島","一区",284,154,130,19,165
427,"16201","178002","4","","","","富山県","富山市","鵯島","二区",364,190,174,11,201
428,"16201","178003","4","","","","富山県","富山市","鵯島","三区",522,275,247,1,255
429,"16201","1790","2","","","","富山県","富山市","寺町けや木台","",508,253,255,8,233
430,"16201","1800","2","","","","富山県","富山市","下野","",263,133,130,1,115
431,"16201","1810","2","","","","富山県","富山市","庄高田","",22,13,9,-,14
432,"16201","1820","2","","","","富山県","富山市","高田","",145,65,80,-,59
433,"16201","1830","2","","","","富山県","富山市","久郷","",251,121,130,9,66
434,"16201","1841","2","","","","富山県","富山市","有沢新町","",393,189,204,5,138
435,"16201","1842","2","","","","富山県","富山市","有沢","",1093,531,562,13,472
436,"16201","1850","3","","","","富山県","富山市","有明町","",468,182,286,80,279
437,"16201","185001","4","","","","富山県","富山市","有明町","一区",177,71,106,34,100
438,"16201","185002","4","","","","富山県","富山市","有明町","二区",130,45,85,25,77
439,"16201","185003","4","","","","富山県","富山市","有明町","三区",161,66,95,21,102
440,"16201","1860","3","","","","富山県","富山市","羽根","",1583,763,820,16,585
441,"16201","186001","4","","","","富山県","富山市","羽根","一区",864,431,433,11,314
442,"16201","186002","4","","","","富山県","富山市","羽根","二区",262,119,143,-,100
443,"16201","186003","4","","","","富山県","富山市","羽根","三区",457,213,244,5,171
444,"16201","1870","2","","","","富山県","富山市","岩瀬祇園町","",45,21,24,-,18
445,"16201","1880","3","","","","富山県","富山市","岩瀬新町","",147,67,80,-,68
446,"16201","188001","4","","","","富山県","富山市","岩瀬新町","一区",84,39,45,-,39
447,"16201","188002","4","","","","富山県","富山市","岩瀬新町","二区",63,28,35,-,29
448,"16201","1890","2","","","","富山県","富山市","岩瀬幸町","",40,20,20,-,22
449,"16201","1900","2","","","","富山県","富山市","岩瀬荒木町","",92,40,52,1,44
450,"16201","1910","2","","","","富山県","富山市","岩瀬神明町","",104,49,55,-,51
451,"16201","1920","2","","","","富山県","富山市","岩瀬福来町","",78,41,37,1,33
452,"16201","1930","2","","","","富山県","富山市","岩瀬大町","",133,54,79,-,49
453,"16201","1940","3","","","","富山県","富山市","岩瀬新川町","",88,42,46,-,43
454,"16201","194001","4","","","","富山県","富山市","岩瀬新川町","一区",56,26,30,-,28
455,"16201","194002","4","","","","富山県","富山市","岩瀬新川町","二区",32,16,16,-,15
456,"16201","1950","2","","","","富山県","富山市","岩瀬土場町","",79,34,45,-,35
457,"16201","1960","2","","","","富山県","富山市","岩瀬堺町","",81,42,39,1,32
458,"16201","1970","2","","","","富山県","富山市","岩瀬仲町","",44,20,24,-,17
459,"16201","1980","3","","","","富山県","富山市","岩瀬白山町","",383,178,205,1,139
460,"16201","198001","4","","","","富山県","富山市","岩瀬白山町","一区",185,84,101,1,66
461,"16201","198002","4","","","","富山県","富山市","岩瀬白山町","二区",198,94,104,-,73
462,"16201","1990","2","","","","富山県","富山市","岩瀬文化町","",162,78,84,2,59
463,"16201","2000","2","","","","富山県","富山市","岩瀬御蔵町","",202,101,101,-,86
464,"16201","2010","3","","","","富山県","富山市","岩瀬赤田町","",103,55,48,2,48
465,"16201","201001","4","","","","富山県","富山市","岩瀬赤田町","一区",54,27,27,2,25
466,"16201","201002","4","","","","富山県","富山市","岩瀬赤田町","二区",49,28,21,-,23
467,"16201","2020","2","","","","富山県","富山市","岩瀬表町","",63,29,34,1,28
468,"16201","2030","2","","","","富山県","富山市","岩瀬梅本町","",33,18,15,-,12
469,"16201","2040","2","","","","富山県","富山市","岩瀬港町","",60,29,31,-,26
470,"16201","2050","2","","","","富山県","富山市","岩瀬萩浦町","",91,39,52,-,40
471,"16201","2060","2","","","","富山県","富山市","岩瀬入船町","",71,36,35,-,31
472,"16201","2070","3","","","","富山県","富山市","岩瀬天神町","",354,166,188,-,146
473,"16201","207001","4","","","","富山県","富山市","岩瀬天神町","一区",183,86,97,-,69
474,"16201","207002","4","","","","富山県","富山市","岩瀬天神町","二区",171,80,91,-,77
475,"16201","2080","2","","","","富山県","富山市","岩瀬諏訪町","",172,83,89,2,74
476,"16201","2090","3","","","","富山県","富山市","岩瀬古志町","",240,121,119,6,105
477,"16201","209001","4","","","","富山県","富山市","岩瀬古志町","",57,24,33,-,23
478,"16201","209002","4","","","","富山県","富山市","岩瀬古志町","一区",183,97,86,6,82
479,"16201","2100","2","","","","富山県","富山市","岩瀬松原町","",133,61,72,8,55
480,"16201","2110","2","","","","富山県","富山市","西宮町","",71,40,31,1,41
481,"16201","2120","3","","","","富山県","富山市","高畠町","",776,372,404,6,298
482,"16201","212001","4","","","","富山県","富山市","高畠町","一丁目",489,236,253,4,183
483,"16201","212002","4","","","","富山県","富山市","高畠町","二丁目",287,136,151,2,115
484,"16201","2131","3","","","","富山県","富山市","森","",1411,704,707,26,550
485,"16201","213101","4","","","","富山県","富山市","森","一丁目",248,122,126,2,101
486,"16201","213102","4","","","","富山県","富山市","森","二丁目",457,228,229,4,181
487,"16201","213103","4","","","","富山県","富山市","森","三丁目",299,146,153,3,97
488,"16201","213104","4","","","","富山県","富山市","森","四丁目",407,208,199,17,171
489,"16201","213105","4","","","","富山県","富山市","森","五丁目",-,-,-,-,-
490,"16201","2132","2","","","","富山県","富山市","森","",-,-,-,-,-
491,"16201","2140","3","","","","富山県","富山市","千原崎","",398,200,198,19,182
492,"16201","214001","4","","","","富山県","富山市","千原崎","一丁目",75,41,34,9,49
493,"16201","214002","4","","","","富山県","富山市","千原崎","二丁目",323,159,164,10,133
494,"16201","2150","3","","","","富山県","富山市","蓮町","",2302,1115,1187,30,960
495,"16201","215001","4","","","","富山県","富山市","蓮町","一丁目",267,131,136,5,124
496,"16201","215002","4","","","","富山県","富山市","蓮町","二丁目",600,291,309,3,232
497,"16201","215003","4","","","","富山県","富山市","蓮町","三丁目",395,192,203,5,188
498,"16201","215004","4","","","","富山県","富山市","蓮町","四丁目",239,104,135,6,99
499,"16201","215005","4","","","","富山県","富山市","蓮町","五丁目",692,348,344,5,275
500,"16201","215006","4","","","","富山県","富山市","蓮町","六丁目",109,49,60,6,42
501,"16201","2160","2","","","","富山県","富山市","森若町","",132,65,67,-,55
502,"16201","2170","2","","","","富山県","富山市","森住町","",522,260,262,13,203
503,"16201","2180","2","","","","富山県","富山市","海岸通","",540,259,281,4,201
504,"16201","2190","2","","","","富山県","富山市","那智町","",267,132,135,4,116
505,"16201","2200","2","","","","富山県","富山市","加古町","",63,50,13,-,50
506,"16201","2210","2","","","","富山県","富山市","海岸通新町","",121,61,60,4,52
507,"16201","2220","2","","","","富山県","富山市","松浦町","",58,34,24,3,24
508,"16201","2230","2","","","","富山県","富山市","田畑南部","",125,59,66,-,42
509,"16201","2240","2","","","","富山県","富山市","田畑北部","",770,388,382,-,239
510,"16201","2250","3","","","","富山県","富山市","東富山寿町","",1428,695,733,11,571
511,"16201","225001","4","","","","富山県","富山市","東富山寿町","一丁目",500,247,253,3,194
512,"16201","225002","4","","","","富山県","富山市","東富山寿町","二丁目",313,155,158,2,116
513,"16201","225003","4","","","","富山県","富山市","東富山寿町","三丁目",615,293,322,6,261
514,"16201","2260","3","","","","富山県","富山市","中田","",562,290,272,35,265
515,"16201","226001","4","","","","富山県","富山市","中田","一丁目",154,93,61,18,86
516,"16201","226002","4","","","","富山県","富山市","中田","二丁目",396,191,205,17,172
517,"16201","226003","4","","","","富山県","富山市","中田","三丁目",12,6,6,-,7
518,"16201","2270","2","","","","富山県","富山市","住友町","",394,186,208,7,155
519,"16201","2280","2","","","","富山県","富山市","田畑新町","",708,358,350,8,289
520,"16201","2290","2","","","","富山県","富山市","晴海台","",325,170,155,15,154
521,"16201","2300","2","","","","富山県","富山市","永久町","",610,294,316,3,247
522,"16201","2310","2","","","","富山県","富山市","銀嶺町","",710,353,357,-,254
523,"16201","2320","3","","","","富山県","富山市","浜黒崎","",666,306,360,2,248
524,"16201","232001","4","","","","富山県","富山市","浜黒崎","一区",129,62,67,-,40
525,"16201","232005","4","","","","富山県","富山市","浜黒崎","浜通り",222,104,118,-,84
526,"16201","232006","4","","","","富山県","富山市","浜黒崎","本町",315,140,175,2,124
527,"16201","2330","3","","","","富山県","富山市","日方江","",274,128,146,-,89
528,"16201","233001","4","","","","富山県","富山市","日方江","一区",140,66,74,-,43
529,"16201","233002","4","","","","富山県","富山市","日方江","二区",134,62,72,-,46
530,"16201","2340","2","","","","富山県","富山市","針日","",67,35,32,2,16
531,"16201","2350","2","","","","富山県","富山市","横越","",224,78,146,-,40
532,"16201","2360","2","","","","富山県","富山市","野田","",26,14,12,-,9
533,"16201","2370","2","","","","富山県","富山市","平榎","",89,45,44,-,27
534,"16201","2380","3","","","","富山県","富山市","古志町","",1116,535,581,8,473
535,"16201","238001","4","","","","富山県","富山市","古志町","一丁目",169,82,87,1,74
536,"16201","238002","4","","","","富山県","富山市","古志町","二丁目",221,105,116,1,92
537,"16201","238003","4","","","","富山県","富山市","古志町","三丁目",207,104,103,-,87
538,"16201","238004","4","","","","富山県","富山市","古志町","四丁目",158,79,79,-,66
539,"16201","238005","4","","","","富山県","富山市","古志町","五丁目",227,100,127,5,96
540,"16201","238006","4","","","","富山県","富山市","古志町","六丁目",134,65,69,1,58
541,"16201","2390","2","","","","富山県","富山市","道正","",131,63,68,1,50
542,"16201","2400","2","","","","富山県","富山市","下飯野","",643,345,298,6,151
543,"16201","2410","2","","","","富山県","富山市","東ヶ丘","",189,93,96,-,79
544,"16201","2420","2","","","","富山県","富山市","楠木","",97,47,50,-,25
545,"16201","2431","2","","","","富山県","富山市","宮園町","",594,312,282,1,185
546,"16201","2432","2","","","","富山県","富山市","宮町","",71,32,39,-,21
547,"16201","2440","2","","","","富山県","富山市","小西","",240,95,145,-,36
548,"16201","2450","2","","","","富山県","富山市","三上","",284,137,147,6,126
549,"16201","2460","2","","","","富山県","富山市","高島","",289,135,154,4,119
550,"16201","2470","2","","","","富山県","富山市","野中","",55,29,26,-,21
551,"16201","2480","2","","","","富山県","富山市","宮条","",18,9,9,-,7
552,"16201","2490","3","","","","富山県","富山市","針原新町","",599,264,335,17,302
553,"16201","249001","4","","","","富山県","富山市","針原新町","一区",178,71,107,6,90
554,"16201","249002","4","","","","富山県","富山市","針原新町","二区",80,33,47,1,37
555,"16201","249003","4","","","","富山県","富山市","針原新町","三区",96,44,52,3,56
556,"16201","249004","4","","","","富山県","富山市","針原新町","四区北部",90,39,51,4,53
557,"16201","249005","4","","","","富山県","富山市","針原新町","五区",155,77,78,3,66
558,"16201","2500","2","","","","富山県","富山市","町袋","",197,84,113,-,63
559,"16201","2510","2","","","","富山県","富山市","針原中町","",681,327,354,10,237
560,"16201","2520","2","合算地域あり","","2530","富山県","富山市","宮成","",198,94,104,2,74
561,"16201","2530","2","秘匿地域","2520","","富山県","富山市","宮成中部","",X,X,X,X,X
562,"16201","2541","2","","","","富山県","富山市","水落","",275,140,135,-,99
563,"16201","2542","2","","","","富山県","富山市","水落","",287,135,152,-,95
564,"16201","2550","2","合算地域あり","","2580","富山県","富山市","米田","",60,28,32,-,23
565,"16201","2560","2","","","","富山県","富山市","豊丘町","",501,232,269,4,206
566,"16201","2570","2","","","","富山県","富山市","豊城町","",382,173,209,16,158
567,"16201","2580","2","秘匿地域","2550","","富山県","富山市","豊田","",X,X,X,X,X
568,"16201","2590","3","","","","富山県","富山市","豊田町","",793,377,416,6,306
569,"16201","259001","4","","","","富山県","富山市","豊田町","一丁目",701,338,363,6,267
570,"16201","259002","4","","","","富山県","富山市","豊田町","二丁目",92,39,53,-,39
571,"16201","2600","3","","","","富山県","富山市","下冨居","",1202,565,637,25,476
572,"16201","260001","4","","","","富山県","富山市","下冨居","一丁目",815,381,434,19,338
573,"16201","260002","4","","","","富山県","富山市","下冨居","二丁目",387,184,203,6,138
574,"16201","2610","2","","","","富山県","富山市","緑陽町","",183,88,95,1,67
575,"16201","2620","2","","","","富山県","富山市","豊島町","",409,192,217,2,205
576,"16201","2630","3","","","","富山県","富山市","米田すずかけ台","",833,405,428,1,338
577,"16201","263001","4","","","","富山県","富山市","米田すずかけ台","一丁目",215,112,103,1,96
578,"16201","263002","4","","","","富山県","富山市","米田すずかけ台","二丁目",328,154,174,-,135
579,"16201","263003","4","","","","富山県","富山市","米田すずかけ台","三丁目",290,139,151,-,107
580,"16201","2640","3","","","","富山県","富山市","豊若町","",1348,669,679,15,551
581,"16201","264001","4","","","","富山県","富山市","豊若町","一丁目",460,234,226,3,184
582,"16201","264002","4","","","","富山県","富山市","豊若町","二丁目",447,219,228,1,184
583,"16201","264003","4","","","","富山県","富山市","豊若町","三丁目",441,216,225,11,183
584,"16201","2650","3","","","","富山県","富山市","犬島新町","",702,345,357,6,289
585,"16201","265001","4","","","","富山県","富山市","犬島新町","一丁目",494,241,253,2,198
586,"16201","265002","4","","","","富山県","富山市","犬島新町","二丁目",208,104,104,4,91
587,"16201","2660","3","合算地域あり","","266000;266001","富山県","富山市","上野新町","",93,39,54,-,47
588,"16201","266000","4","秘匿地域","2660","","富山県","富山市","上野新町","",X,X,X,X,X
589,"16201","266001","4","秘匿地域","2660","","富山県","富山市","上野新町","萩浦",X,X,X,X,X
590,"16201","2670","3","","","","富山県","富山市","城川原","",1102,536,566,1,458
591,"16201","267001","4","","","","富山県","富山市","城川原","一丁目",607,297,310,-,225
592,"16201","267002","4","","","","富山県","富山市","城川原","二丁目",315,155,160,-,123
593,"16201","267003","4","","","","富山県","富山市","城川原","三丁目",180,84,96,1,110
594,"16201","2680","2","","","","富山県","富山市","豊城新町","",300,150,150,-,119
595,"16201","2690","3","","","","富山県","富山市","犬島","",2950,1465,1485,27,1071
596,"16201","269001","4","","","","富山県","富山市","犬島","一丁目",320,159,161,3,122
597,"16201","269002","4","","","","富山県","富山市","犬島","二丁目",639,321,318,1,178
598,"16201","269003","4","","","","富山県","富山市","犬島","三丁目",440,221,219,3,179
599,"16201","269004","4","","","","富山県","富山市","犬島","四丁目",398,198,200,1,143
600,"16201","269005","4","","","","富山県","富山市","犬島","五丁目",355,186,169,10,147
601,"16201","269006","4","","","","富山県","富山市","犬島","六丁目",405,199,206,3,146
602,"16201","269007","4","","","","富山県","富山市","犬島","七丁目",393,181,212,6,156
603,"16201","2700","3","","","","富山県","富山市","米田町","",986,514,472,9,354
604,"16201","270001","4","","","","富山県","富山市","米田町","一丁目",658,357,301,9,241
605,"16201","270002","4","","","","富山県","富山市","米田町","二丁目",328,157,171,-,113
606,"16201","270003","4","","","","富山県","富山市","米田町","三丁目",-,-,-,-,-
607,"16201","2710","2","","","","富山県","富山市","高園町","",383,171,212,3,168
608,"16201","2720","3","","","","富山県","富山市","豊田本町","",2382,1169,1213,35,891
609,"16201","272001","4","","","","富山県","富山市","豊田本町","一丁目",329,174,155,5,142
610,"16201","272002","4","","","","富山県","富山市","豊田本町","二丁目",331,167,164,10,125
611,"16201","272003","4","","","","富山県","富山市","豊田本町","三丁目",770,374,396,18,320
612,"16201","272004","4","","","","富山県","富山市","豊田本町","四丁目",952,454,498,2,304
613,"16201","2730","2","","","","富山県","富山市","新屋","",358,178,180,28,139
614,"16201","2740","2","","","","富山県","富山市","新屋新町","",379,162,217,35,199
615,"16201","2750","2","","","","富山県","富山市","飯野","",295,129,166,3,97
616,"16201","2760","2","","","","富山県","富山市","鍋田","",627,305,322,5,262
617,"16201","2770","2","","","","富山県","富山市","中冨居","",911,435,476,15,356
618,"16201","2780","2","","","","富山県","富山市","新冨居","",-,-,-,-,-
619,"16201","2790","3","","","","富山県","富山市","上赤江町","",1732,829,903,47,816
620,"16201","279001","4","","","","富山県","富山市","上赤江町","一丁目",1092,518,574,33,520
621,"16201","279002","4","","","","富山県","富山市","上赤江町","二丁目",640,311,329,14,296
622,"16201","2800","3","","","","富山県","富山市","下赤江町","",1437,654,783,46,688
623,"16201","280001","4","","","","富山県","富山市","下赤江町","一丁目",342,167,175,11,153
624,"16201","280002","4","","","","富山県","富山市","下赤江町","二丁目",1095,487,608,35,535
625,"16201","2810","2","","","","富山県","富山市","冨居栄町","",194,94,100,2,81
626,"16201","2820","2","","","","富山県","富山市","上冨居新町","",344,167,177,3,153
627,"16201","2830","2","","","","富山県","富山市","千成町","",1012,474,538,26,405
628,"16201","2840","2","","","","富山県","富山市","鶴ケ丘町","",304,152,152,3,119
629,"16201","2850","3","","","","富山県","富山市","新庄北部","",1137,544,593,17,449
630,"16201","285001","4","","","","富山県","富山市","新庄北部","第一",13,6,7,1,7
631,"16201","285002","4","","","","富山県","富山市","新庄北部","第二",643,300,343,8,259
632,"16201","285004","4","","","","富山県","富山市","新庄北部","第四",157,75,82,-,53
633,"16201","285005","4","","","","富山県","富山市","新庄北部","第五",324,163,161,8,130
634,"16201","2860","2","","","","富山県","富山市","荏原","",1341,641,700,25,590
635,"16201","2871","3","","","","富山県","富山市","新庄町","",1934,934,1000,27,869
636,"16201","287101","4","","","","富山県","富山市","新庄町","一丁目",604,291,313,5,265
637,"16201","287102","4","","","","富山県","富山市","新庄町","二丁目",588,279,309,-,224
638,"16201","287103","4","","","","富山県","富山市","新庄町","三丁目",300,142,158,6,160
639,"16201","287104","4","","","","富山県","富山市","新庄町","四丁目",442,222,220,16,220
640,"16201","2872","3","","","","富山県","富山市","新庄町","",1228,616,612,15,426
641,"16201","287201","4","","","","富山県","富山市","新庄町","第一",166,92,74,-,67
642,"16201","287202","4","","","","富山県","富山市","新庄町","第二",43,19,24,-,15
643,"16201","287203","4","","","","富山県","富山市","新庄町","第三",116,63,53,9,50
644,"16201","287204","4","","","","富山県","富山市","新庄町","第四",903,442,461,6,294
645,"16201","2880","2","","","","富山県","富山市","新園町","",1473,700,773,17,674
646,"16201","2890","2","","","","富山県","富山市","上飯野","",1407,723,684,15,616
647,"16201","2900","3","","","","富山県","富山市","綾田町","",1025,513,512,15,486
648,"16201","290001","4","","","","富山県","富山市","綾田町","一丁目",701,340,361,13,327
649,"16201","290002","4","","","","富山県","富山市","綾田町","二丁目",107,61,46,-,62
650,"16201","290003","4","合算地域あり","","6330","富山県","富山市","綾田町","三丁目",217,112,105,2,97
651,"16201","2910","2","","","","富山県","富山市","双代町","",-,-,-,-,-
652,"16201","2920","3","","","","富山県","富山市","田中町","",1791,901,890,28,897
653,"16201","292001","4","","","","富山県","富山市","田中町","一丁目",353,161,192,5,165
654,"16201","292002","4","","","","富山県","富山市","田中町","二丁目",524,256,268,2,233
655,"16201","292003","4","","","","富山県","富山市","田中町","三丁目",316,156,160,-,140
656,"16201","292004","4","","","","富山県","富山市","田中町","四丁目",452,252,200,21,270
657,"16201","292005","4","","","","富山県","富山市","田中町","五丁目",146,76,70,-,89
658,"16201","2931","2","","","","富山県","富山市","西新庄","",238,116,122,1,118
659,"16201","2941","3","","","","富山県","富山市","荒川","",702,334,368,4,307
660,"16201","294101","4","","","","富山県","富山市","荒川","一丁目",64,30,34,-,31
661,"16201","294102","4","","","","富山県","富山市","荒川","二丁目",406,195,211,2,180
662,"16201","294103","4","","","","富山県","富山市","荒川","三丁目",79,39,40,-,38
663,"16201","294104","4","","","","富山県","富山市","荒川","四丁目",-,-,-,-,-
664,"16201","294105","4","","","","富山県","富山市","荒川","五丁目",153,70,83,2,58
665,"16201","2942","2","","","","富山県","富山市","荒川","",152,70,82,-,64
666,"16201","2950","2","","","","富山県","富山市","荒川新町","",244,114,130,9,102
667,"16201","2960","2","","","","富山県","富山市","常盤台","",1390,684,706,19,619
668,"16201","2971","3","","","","富山県","富山市","経堂","",337,162,175,1,145
669,"16201","297103","4","","","","富山県","富山市","経堂","三丁目",178,93,85,-,80
670,"16201","297104","4","","","","富山県","富山市","経堂","四丁目",159,69,90,1,65
671,"16201","2972","3","","","","富山県","富山市","経堂","",926,438,488,7,370
672,"16201","297200","4","","","","富山県","富山市","経堂","",203,98,105,2,81
673,"16201","297201","4","","","","富山県","富山市","経堂","一丁目",268,126,142,2,100
674,"16201","297202","4","","","","富山県","富山市","経堂","二丁目",455,214,241,3,189
675,"16201","2980","3","","","","富山県","富山市","上飯野新町","",1925,943,982,10,740
676,"16201","298001","4","","","","富山県","富山市","上飯野新町","一丁目",318,164,154,1,134
677,"16201","298002","4","","","","富山県","富山市","上飯野新町","二丁目",395,185,210,1,158
678,"16201","298003","4","","","","富山県","富山市","上飯野新町","三丁目",843,417,426,4,320
679,"16201","298004","4","","","","富山県","富山市","上飯野新町","四丁目",185,89,96,4,59
680,"16201","298005","4","","","","富山県","富山市","上飯野新町","五丁目",184,88,96,-,69
681,"16201","2990","2","","","","富山県","富山市","上庄町","",239,111,128,-,96
682,"16201","3010","2","","","","富山県","富山市","金代","",591,288,303,10,227
683,"16201","3020","2","","","","富山県","富山市","藤代町","",175,72,103,-,70
684,"16201","3030","2","","","","富山県","富山市","栄新町","",563,297,266,4,309
685,"16201","3040","2","","","","富山県","富山市","町新","",715,355,360,9,273
686,"16201","3050","2","","","","富山県","富山市","開","",1880,911,969,15,671
687,"16201","3060","2","","","","富山県","富山市","富岡町","",784,411,373,27,411
688,"16201","3070","2","","","","富山県","富山市","大江干","",803,393,410,3,346
689,"16201","3080","2","","","","富山県","富山市","荏原新町","",224,84,140,-,109
690,"16201","3090","2","","","","富山県","富山市","日俣","",251,117,134,-,90
691,"16201","3100","2","","","","富山県","富山市","朝日","",118,62,56,-,49
692,"16201","3110","2","","","","富山県","富山市","藤木","",4105,1984,2121,31,1523
693,"16201","3120","2","","","","富山県","富山市","藤木中町","",260,125,135,2,100
694,"16201","3130","2","","","","富山県","富山市","藤木新町","",539,257,282,1,201
695,"16201","3140","2","","","","富山県","富山市","大島新町","",585,291,294,7,237
696,"16201","3150","3","","","","富山県","富山市","藤の木台","",600,282,318,2,244
697,"16201","315001","4","","","","富山県","富山市","藤の木台","一丁目",150,65,85,-,68
698,"16201","315002","4","","","","富山県","富山市","藤の木台","二丁目",244,121,123,1,90
699,"16201","315003","4","","","","富山県","富山市","藤の木台","三丁目",206,96,110,1,86
700,"16201","3160","3","","","","富山県","富山市","新金代","",545,260,285,3,224
701,"16201","316001","4","","","","富山県","富山市","新金代","一丁目",213,99,114,3,93
702,"16201","316002","4","","","","富山県","富山市","新金代","二丁目",332,161,171,-,131
703,"16201","3170","2","","","","富山県","富山市","藤の木園町","",562,283,279,3,218
704,"16201","3180","3","","","","富山県","富山市","大島","",1380,649,731,7,437
705,"16201","318001","4","","","","富山県","富山市","大島","一丁目",161,82,79,1,57
706,"16201","318002","4","","","","富山県","富山市","大島","二丁目",1050,518,532,6,357
707,"16201","318003","4","","","","富山県","富山市","大島","三丁目",169,49,120,-,23
708,"16201","318004","4","","","","富山県","富山市","大島","四丁目",-,-,-,-,-
709,"16201","3190","2","","","","富山県","富山市","大江干新町","",241,114,127,5,90
710,"16201","3200","3","","","","富山県","富山市","中間島","",315,163,152,1,114
711,"16201","320001","4","","","","富山県","富山市","中間島","一丁目",141,71,70,-,45
712,"16201","320002","4","","","","富山県","富山市","中間島","二丁目",174,92,82,1,69
713,"16201","3210","2","","","","富山県","富山市","藤見町","",381,187,194,-,147
714,"16201","3220","2","","","","富山県","富山市","藤木緑台","",311,143,168,5,113
715,"16201","3230","2","","","","富山県","富山市","公文名","",311,163,148,9,140
716,"16201","3240","2","","","","富山県","富山市","青葉町","",443,172,271,49,264
717,"16201","3250","2","","","","富山県","富山市","山室新町","",116,40,76,3,69
718,"16201","3261","3","","","","富山県","富山市","中市","",1035,509,526,15,477
719,"16201","326101","4","","","","富山県","富山市","中市","一丁目",747,369,378,15,344
720,"16201","326102","4","","","","富山県","富山市","中市","二丁目",288,140,148,-,133
721,"16201","3262","2","","","","富山県","富山市","中市","",-,-,-,-,-
722,"16201","3270","3","","","","富山県","富山市","山室","",3491,1694,1797,97,1532
723,"16201","327001","4","","","","富山県","富山市","山室","",3347,1633,1714,85,1464
724,"16201","327002","4","","","","富山県","富山市","山室","二区",144,61,83,12,68
725,"16201","3280","2","","","","富山県","富山市","高原本町","",347,171,176,8,145
726,"16201","3290","2","","","","富山県","富山市","秋吉","",1912,915,997,19,774
727,"16201","3300","2","","","","富山県","富山市","天正寺","",1645,788,857,21,788
728,"16201","3310","2","","","","富山県","富山市","山室向陽台","",175,94,81,2,79
729,"16201","3320","2","","","","富山県","富山市","中川原新町","",509,252,257,12,232
730,"16201","3330","2","","","","富山県","富山市","高原町","",424,151,273,7,260
731,"16201","3340","3","","","","富山県","富山市","不二栄町","",407,197,210,4,173
732,"16201","334001","4","","","","富山県","富山市","不二栄町","一区",167,79,88,4,71
733,"16201","334002","4","","","","富山県","富山市","不二栄町","二区",115,56,59,-,45
734,"16201","334003","4","","","","富山県","富山市","不二栄町","三区",125,62,63,-,57
735,"16201","3350","2","","","","富山県","富山市","中川原","",1770,889,881,34,793
736,"16201","3360","2","","","","富山県","富山市","山室荒屋","",935,452,483,4,377
737,"16201","3370","2","","","","富山県","富山市","松ヶ丘","",650,323,327,12,249
738,"16201","3380","3","","","","富山県","富山市","町村","",2532,1237,1295,27,1067
739,"16201","338000","4","","","","富山県","富山市","町村","",1607,775,832,20,658
740,"16201","338001","4","","","","富山県","富山市","町村","一丁目",562,284,278,4,241
741,"16201","338002","4","","","","富山県","富山市","町村","二丁目",363,178,185,3,168
742,"16201","3390","2","","","","富山県","富山市","古寺","",56,21,35,-,20
743,"16201","3400","2","","","","富山県","富山市","東流杉","",47,26,21,2,18
744,"16201","3410","2","","","","富山県","富山市","流杉","",853,317,536,4,108
745,"16201","3420","2","","","","富山県","富山市","西野新","",35,18,17,-,9
746,"16201","3430","3","","","","富山県","富山市","中川原台","",425,200,225,2,163
747,"16201","343001","4","","","","富山県","富山市","中川原台","一丁目",254,124,130,1,103
748,"16201","343002","4","","","","富山県","富山市","中川原台","二丁目",171,76,95,1,60
749,"16201","3440","2","","","","富山県","富山市","古寺新町","",314,150,164,5,127
750,"16201","3450","2","","","","富山県","富山市","若葉台","",256,121,135,6,105
751,"16201","3460","3","","","","富山県","富山市","高屋敷","",2704,1311,1393,15,1052
752,"16201","346001","4","","","","富山県","富山市","高屋敷","一区",634,320,314,6,307
753,"16201","346002","4","","","","富山県","富山市","高屋敷","二区",2070,991,1079,9,745
754,"16201","3480","3","","","","富山県","富山市","太田","",1570,774,796,11,644
755,"16201","348001","4","","","","富山県","富山市","太田","中区",346,163,183,1,116
756,"16201","348002","4","","","","富山県","富山市","太田","北区",1224,611,613,10,528
757,"16201","3490","2","","","","富山県","富山市","太田南町","",302,155,147,-,114
758,"16201","3500","2","","","","富山県","富山市","大宮町","",322,157,165,15,126
759,"16201","3510","3","","","","富山県","富山市","横内","",375,184,191,1,136
760,"16201","351001","4","","","","富山県","富山市","横内","第一",51,27,24,-,20
761,"16201","351002","4","","","","富山県","富山市","横内","第二",116,59,57,1,38
762,"16201","351003","4","","","","富山県","富山市","横内","第三",208,98,110,-,78
763,"16201","3520","2","","","","富山県","富山市","新横内町","",260,133,127,4,100
764,"16201","3530","2","","","","富山県","富山市","石屋","",249,102,147,6,62
765,"16201","3540","2","","","","富山県","富山市","八川","",127,59,68,-,38
766,"16201","3550","2","","","","富山県","富山市","新名","",82,42,40,-,30
767,"16201","3560","2","","","","富山県","富山市","城村","",306,148,158,-,101
768,"16201","3570","3","","","","富山県","富山市","城ヶ丘","",180,82,98,3,98
769,"16201","357001","4","","","","富山県","富山市","城ヶ丘","一区",38,17,21,-,25
770,"16201","357002","4","","","","富山県","富山市","城ヶ丘","二区",35,17,18,2,22
771,"16201","357003","4","","","","富山県","富山市","城ヶ丘","三区",37,19,18,-,18
772,"16201","357004","4","","","","富山県","富山市","城ヶ丘","四区",40,17,23,-,17
773,"16201","357005","4","","","","富山県","富山市","城ヶ丘","五区",30,12,18,1,16
774,"16201","3580","2","","","","富山県","富山市","大場","",86,44,42,-,30
775,"16201","3590","3","","","","富山県","富山市","西番","",529,265,264,1,154
776,"16201","359001","4","","","","富山県","富山市","西番","第一",206,100,106,-,66
777,"16201","359002","4","","","","富山県","富山市","西番","第二",268,136,132,-,65
778,"16201","359003","4","","","","富山県","富山市","西番","第三",55,29,26,1,23
779,"16201","3600","2","","","","富山県","富山市","中屋","",176,83,93,1,59
780,"16201","3610","2","","","","富山県","富山市","関","",171,85,86,-,59
781,"16201","3620","2","","","","富山県","富山市","昭和新町","",172,90,82,-,65
782,"16201","3630","2","","","","富山県","富山市","城若町","",92,42,50,4,37
783,"16201","3640","2","","","","富山県","富山市","城新町","",190,89,101,1,73
784,"16201","3650","2","","","","富山県","富山市","城村新町","",244,120,124,3,95
785,"16201","3660","2","","","","富山県","富山市","太田向陽台","",213,93,120,2,95
786,"16201","3670","2","","","","富山県","富山市","黒瀬","",1504,799,705,36,779
787,"16201","3680","2","","","","富山県","富山市","八日町","",185,101,84,-,75
788,"16201","3690","2","","","","富山県","富山市","黒崎","",881,490,391,65,574
789,"16201","3700","2","","","","富山県","富山市","上袋","",1454,709,745,20,691
790,"16201","3710","2","","","","富山県","富山市","赤田","",3431,1724,1707,221,1678
791,"16201","3720","3","","","","富山県","富山市","朝菜町","",2076,984,1092,10,876
792,"16201","372001","4","","","","富山県","富山市","朝菜町","一丁目",807,390,417,7,329
793,"16201","372002","4","","","","富山県","富山市","朝菜町","二丁目",396,185,211,-,155
794,"16201","372003","4","","","","富山県","富山市","朝菜町","三丁目",174,69,105,3,101
795,"16201","372004","4","","","","富山県","富山市","朝菜町","四丁目",136,63,73,-,62
796,"16201","372005","4","","","","富山県","富山市","朝菜町","五丁目",216,101,115,-,86
797,"16201","372006","4","","","","富山県","富山市","朝菜町","六丁目",347,176,171,-,143
798,"16201","3730","2","","","","富山県","富山市","小杉","",2664,1299,1365,45,1111
799,"16201","3740","2","","","","富山県","富山市","新堀町","",484,233,251,1,169
800,"16201","3751","2","","","","富山県","富山市","布市","",552,270,282,3,198
801,"16201","3752","2","","","","富山県","富山市","布市新町","",838,392,446,2,299
802,"16201","3760","2","","","","富山県","富山市","二俣","",199,84,115,3,64
803,"16201","3770","2","","","","富山県","富山市","蜷川","",239,84,155,4,84
804,"16201","3780","2","","","","富山県","富山市","赤田新町","",427,215,212,5,174
805,"16201","3790","2","","","","富山県","富山市","二俣新町","",537,264,273,15,254
806,"16201","3800","2","","","","富山県","富山市","萩原","",766,390,376,18,406
807,"16201","3810","2","","","","富山県","富山市","塚原","",312,153,159,1,143
808,"16201","3820","2","","","","富山県","富山市","才覚寺","",692,347,345,2,264
809,"16201","3830","2","","","","富山県","富山市","経田","",174,83,91,1,75
810,"16201","3840","2","","","","富山県","富山市","西荒屋","",1810,1011,799,74,669
811,"16201","3850","2","","","","富山県","富山市","上八日町","",100,55,45,3,41
812,"16201","3860","2","","","","富山県","富山市","秋ケ島","",282,98,184,1,54
813,"16201","3870","2","","","","富山県","富山市","友杉","",142,78,64,2,43
814,"16201","3880","2","","","","富山県","富山市","任海","",184,92,92,2,54
815,"16201","3890","2","","","","富山県","富山市","新保","",280,133,147,-,87
816,"16201","3900","2","","","","富山県","富山市","吉倉","",123,56,67,-,40
817,"16201","3910","2","","","","富山県","富山市","押上","",102,51,51,1,30
818,"16201","3920","2","","","","富山県","富山市","福居","",82,48,34,-,24
819,"16201","3930","2","","","","富山県","富山市","南中田","",52,27,25,-,17
820,"16201","3940","2","","","","富山県","富山市","惣在寺","",117,59,58,2,35
821,"16201","3950","2","","","","富山県","富山市","下栗山","",169,57,112,2,31
822,"16201","3960","2","","","","富山県","富山市","上栗山","",176,87,89,-,63
823,"16201","3970","2","","","","富山県","富山市","南栗山","",269,134,135,2,110
824,"16201","3980","2","","","","富山県","富山市","南央町","",30,-,30,30,30
825,"16201","3990","2","","","","富山県","富山市","島田","",24,14,10,-,7
826,"16201","4000","2","","","","富山県","富山市","下熊野","",183,97,86,2,67
827,"16201","4010","2","","","","富山県","富山市","小中","",329,130,199,11,53
828,"16201","4021","2","","","","富山県","富山市","上野寿町","",509,256,253,6,191
829,"16201","4022","2","","","","富山県","富山市","上野","",549,270,279,5,205
830,"16201","4030","2","","","","富山県","富山市","経力","",157,80,77,2,57
831,"16201","4040","2","","","","富山県","富山市","石田","",375,190,185,2,142
832,"16201","4050","2","","","","富山県","富山市","南金屋","",72,23,49,-,15
833,"16201","4060","2","","","","富山県","富山市","上栄","",213,102,111,1,78
834,"16201","4070","2","","","","富山県","富山市","吉岡","",206,100,106,1,80
835,"16201","4080","2","","","","富山県","富山市","悪王寺","",62,31,31,-,25
836,"16201","4090","2","","","","富山県","富山市","宮保","",196,89,107,1,64
837,"16201","4100","3","","","","富山県","富山市","若竹町","",1086,520,566,9,436
838,"16201","410001","4","","","","富山県","富山市","若竹町","一丁目",124,64,60,3,54
839,"16201","410002","4","","","","富山県","富山市","若竹町","二丁目",235,114,121,1,97
840,"16201","410003","4","","","","富山県","富山市","若竹町","三丁目",206,95,111,-,79
841,"16201","410004","4","","","","富山県","富山市","若竹町","四丁目",197,96,101,1,79
842,"16201","410005","4","","","","富山県","富山市","若竹町","五丁目",159,76,83,-,63
843,"16201","410006","4","","","","富山県","富山市","若竹町","六丁目",165,75,90,4,64
844,"16201","4110","2","","","","富山県","富山市","安養寺","",274,131,143,1,100
845,"16201","4120","2","","","","富山県","富山市","辰尾","",85,42,43,-,26
846,"16201","4130","3","","","","富山県","富山市","辰尾新町","",222,103,119,2,127
847,"16201","413001","4","","","","富山県","富山市","辰尾新町","一区",85,38,47,-,43
848,"16201","413002","4","","","","富山県","富山市","辰尾新町","二区",87,42,45,1,53
849,"16201","413003","4","","","","富山県","富山市","辰尾新町","三区",50,23,27,1,31
850,"16201","4140","2","","","","富山県","富山市","上熊野","",290,143,147,1,106
851,"16201","4150","2","","","","富山県","富山市","森田","",151,71,80,-,41
852,"16201","4160","2","","","","富山県","富山市","江本","",88,49,39,-,29
853,"16201","4170","2","","","","富山県","富山市","牧田","",70,37,33,-,27
854,"16201","4180","2","","","","富山県","富山市","林崎","",65,36,29,-,16
855,"16201","4190","2","","","","富山県","富山市","杉瀬","",21,12,9,-,8
856,"16201","4200","2","","","","富山県","富山市","青柳新","",73,35,38,-,22
857,"16201","4210","2","","","","富山県","富山市","上野南町","",65,35,30,14,46
858,"16201","4220","2","","","","富山県","富山市","石田万葉台","",165,79,86,1,72
859,"16201","4230","2","","","","富山県","富山市","千俵町","",22,13,9,-,5
860,"16201","4240","2","","","","富山県","富山市","開発","",347,159,188,4,100
861,"16201","4250","2","","","","富山県","富山市","上布目","",155,74,81,1,49
862,"16201","4261","2","","","","富山県","富山市","月岡西緑町","",1236,607,629,1,419
863,"16201","4262","2","","","","富山県","富山市","中布目","",191,86,105,1,60
864,"16201","4270","2","","","","富山県","富山市","上今町","",113,53,60,-,41
865,"16201","4280","2","","","","富山県","富山市","大井","",80,41,39,-,27
866,"16201","4290","2","","","","富山県","富山市","青柳","",53,28,25,-,18
867,"16201","4300","2","秘匿地域","433004","","富山県","富山市","月見が丘","",X,X,X,X,X
868,"16201","4310","3","","","","富山県","富山市","月見町","",1149,528,621,7,522
869,"16201","431001","4","","","","富山県","富山市","月見町","一丁目",99,44,55,1,40
870,"16201","431002","4","","","","富山県","富山市","月見町","二丁目",222,111,111,1,88
871,"16201","431003","4","","","","富山県","富山市","月見町","三丁目",136,61,75,-,52
872,"16201","431004","4","","","","富山県","富山市","月見町","四丁目",118,51,67,-,48
873,"16201","431005","4","","","","富山県","富山市","月見町","五丁目",248,108,140,-,158
874,"16201","431006","4","","","","富山県","富山市","月見町","六丁目",176,80,96,-,76
875,"16201","431007","4","","","","富山県","富山市","月見町","七丁目",150,73,77,5,60
876,"16201","4320","3","","","","富山県","富山市","月岡東緑町","",865,418,447,3,357
877,"16201","432001","4","","","","富山県","富山市","月岡東緑町","一丁目",231,111,120,3,97
878,"16201","432002","4","","","","富山県","富山市","月岡東緑町","二丁目",250,124,126,-,100
879,"16201","432003","4","","","","富山県","富山市","月岡東緑町","三丁目",172,76,96,-,69
880,"16201","432004","4","","","","富山県","富山市","月岡東緑町","四丁目",212,107,105,-,91
881,"16201","4330","3","","","","富山県","富山市","月岡町","",1608,787,821,16,594
882,"16201","433001","4","","","","富山県","富山市","月岡町","一丁目",32,15,17,-,11
883,"16201","433002","4","","","","富山県","富山市","月岡町","二丁目",90,45,45,-,32
884,"16201","433003","4","","","","富山県","富山市","月岡町","三丁目",127,63,64,-,47
885,"16201","433004","4","合算地域あり","","4300","富山県","富山市","月岡町","四丁目",217,102,115,1,73
886,"16201","433005","4","","","","富山県","富山市","月岡町","五丁目",236,117,119,-,83
887,"16201","433006","4","","","","富山県","富山市","月岡町","六丁目",307,149,158,7,101
888,"16201","433007","4","","","","富山県","富山市","月岡町","七丁目",599,296,303,8,247
889,"16201","4340","2","","","","富山県","富山市","上千俵町","",545,230,315,5,132
890,"16201","4350","2","","","","富山県","富山市","四方一番町","",66,30,36,-,26
891,"16201","4360","2","","","","富山県","富山市","四方二番町","",70,30,40,-,31
892,"16201","4370","2","","","","富山県","富山市","四方恵比須町","",76,33,43,-,34
893,"16201","4380","2","","","","富山県","富山市","四方神明町","",68,31,37,-,28
894,"16201","4390","2","","","","富山県","富山市","四方田町","",103,50,53,1,41
895,"16201","4400","2","","","","富山県","富山市","四方東野割町","",92,40,52,1,37
896,"16201","4410","2","","","","富山県","富山市","四方西野割町","",152,72,80,-,67
897,"16201","4420","2","","","","富山県","富山市","四方東港町","",29,11,18,-,13
898,"16201","4430","2","","","","富山県","富山市","四方西港町","",49,22,27,-,24
899,"16201","4440","2","","","","富山県","富山市","四方新出町","",203,90,113,-,85
900,"16201","4450","2","","","","富山県","富山市","四方南町","",148,72,76,6,62
901,"16201","4460","2","","","","富山県","富山市","四方西岩瀬","",253,117,136,5,106
902,"16201","4470","2","","","","富山県","富山市","四方北窪","",388,188,200,1,138
903,"16201","4480","2","合算地域あり","","4490","富山県","富山市","四方荒屋","",910,452,458,13,336
904,"16201","4490","2","秘匿地域","4480","","富山県","富山市","四方茶園町","",X,X,X,X,X
905,"16201","4500","2","","","","富山県","富山市","四方江代町","",204,109,95,10,84
906,"16201","4510","2","","","","富山県","富山市","利波","",35,13,22,-,12
907,"16201","4520","2","","","","富山県","富山市","八町","",748,362,386,8,263
908,"16201","4530","2","","","","富山県","富山市","今市","",163,81,82,1,53
909,"16201","4540","2","","","","富山県","富山市","八幡","",184,88,96,6,67
910,"16201","4550","2","","","","富山県","富山市","寺島","",146,72,74,-,52
911,"16201","4560","2","","","","富山県","富山市","田尻","",134,58,76,-,39
912,"16201","4570","2","","","","富山県","富山市","宮尾","",335,168,167,-,114
913,"16201","4580","2","","","","富山県","富山市","松木","",39,19,20,-,16
914,"16201","4590","2","","","","富山県","富山市","百塚","",279,104,175,5,71
915,"16201","4600","2","","","","富山県","富山市","八幡新町","",193,95,98,-,74
916,"16201","4610","2","","","","富山県","富山市","金山新","",404,207,197,8,137
917,"16201","4620","2","","","","富山県","富山市","草島","",973,493,480,5,385
918,"16201","4630","2","","","","富山県","富山市","富浦町","",360,176,184,4,145
919,"16201","4640","2","","","","富山県","富山市","金山新桜ケ丘","",240,119,121,-,90
920,"16201","4650","2","","","","富山県","富山市","草島新町","",238,116,122,11,83
921,"16201","4660","2","","","","富山県","富山市","金山新東","",554,284,270,20,201
922,"16201","4670","2","","","","富山県","富山市","布目","",977,422,555,13,338
923,"16201","4680","2","","","","富山県","富山市","布目旭","",244,123,121,3,86
924,"16201","4690","2","","","","富山県","富山市","布目新町","",231,87,144,22,132
925,"16201","4700","2","","","","富山県","富山市","布目緑町","",183,86,97,1,81
926,"16201","4710","2","","","","富山県","富山市","布目東町","",262,123,139,2,105
927,"16201","4720","2","","","","富山県","富山市","布目南町","",183,96,87,9,79
928,"16201","4730","2","","","","富山県","富山市","打出","",306,149,157,2,117
929,"16201","4740","2","","","","富山県","富山市","高木","",1596,785,811,11,495
930,"16201","4750","2","","","","富山県","富山市","呉羽昭和町","",98,50,48,1,42
931,"16201","4760","2","","","","富山県","富山市","呉羽姫本","",130,62,68,-,70
932,"16201","4770","2","","","","富山県","富山市","呉羽川西","",235,113,122,-,100
933,"16201","4780","2","","","","富山県","富山市","呉羽中の町","",489,233,256,7,202
934,"16201","4790","2","","","","富山県","富山市","呉羽貴舟巻","",220,104,116,11,109
935,"16201","4800","2","","","","富山県","富山市","呉羽三ツ塚","",577,278,299,2,216
936,"16201","4810","2","","","","富山県","富山市","呉羽東町","",158,74,84,3,73
937,"16201","4820","2","","","","富山県","富山市","呉羽丸富町","",465,217,248,4,204
938,"16201","4830","2","","","","富山県","富山市","呉羽本町","",1250,582,668,34,522
939,"16201","4840","2","","","","富山県","富山市","呉羽つつじが丘","",513,244,269,6,212
940,"16201","4850","2","","","","富山県","富山市","呉羽富田町","",945,465,480,6,407
941,"16201","4860","2","","","","富山県","富山市","茶屋町","",1114,560,554,16,518
942,"16201","4870","2","","","","富山県","富山市","茶屋新町","",155,72,83,-,67
943,"16201","4880","2","","","","富山県","富山市","追分茶屋","",758,359,399,12,284
944,"16201","4890","2","","","","富山県","富山市","吉作","",2003,945,1058,39,769
945,"16201","4900","2","","","","富山県","富山市","住吉","",512,259,253,2,178
946,"16201","4910","2","","","","富山県","富山市","花木","",223,120,103,6,90
947,"16201","4920","2","","","","富山県","富山市","呉羽苑","",473,215,258,11,199
948,"16201","4930","2","","","","富山県","富山市","吉作新町","",69,42,27,18,48
949,"16201","4940","2","","","","富山県","富山市","呉羽水上町","",185,93,92,6,80
950,"16201","4950","2","","","","富山県","富山市","呉羽新富田町","",212,110,102,4,84
951,"16201","4960","2","","","","富山県","富山市","長岡新","",193,96,97,1,99
952,"16201","4970","2","","","","富山県","富山市","八ケ山","",456,219,237,1,161
953,"16201","4980","3","","","","富山県","富山市","北代","",2899,1400,1499,30,1066
954,"16201","498001","4","","","","富山県","富山市","北代","一区",325,143,182,-,117
955,"16201","498002","4","","","","富山県","富山市","北代","二区",546,279,267,7,205
956,"16201","498003","4","","","","富山県","富山市","北代","三区",537,253,284,3,211
957,"16201","498004","4","","","","富山県","富山市","北代","四区",641,316,325,1,188
958,"16201","498005","4","","","","富山県","富山市","北代","五区",384,172,212,5,152
959,"16201","498006","4","","","","富山県","富山市","北代","六区",466,237,229,14,193
960,"16201","4990","2","","","","富山県","富山市","北代藤ヶ丘","",638,307,331,4,252
961,"16201","5000","2","","","","富山県","富山市","中沖","",330,156,174,1,101
962,"16201","5010","2","","","","富山県","富山市","大塚","",390,200,190,4,133
963,"16201","5020","2","","","","富山県","富山市","呉羽野田","",67,30,37,-,21
964,"16201","5030","2","","","","富山県","富山市","本郷","",352,172,180,15,127
965,"16201","5040","2","","","","富山県","富山市","野口","",267,134,133,9,91
966,"16201","5050","2","","","","富山県","富山市","野町","",143,70,73,6,51
967,"16201","5060","2","","","","富山県","富山市","古沢","",1000,517,483,44,750
968,"16201","5070","2","","","","富山県","富山市","西金屋","",134,75,59,2,44
969,"16201","5080","2","","","","富山県","富山市","栃谷","",225,106,119,-,79
970,"16201","5090","2","","","","富山県","富山市","杉谷","",796,365,431,34,560
971,"16201","5100","2","","","","富山県","富山市","境野新","",187,102,85,3,79
972,"16201","5110","2","","","","富山県","富山市","野々上","",352,160,192,6,192
973,"16201","5120","2","","","","富山県","富山市","願海寺","",846,412,434,27,344
974,"16201","5130","2","","","","富山県","富山市","西二俣","",216,104,112,1,69
975,"16201","5140","2","","","","富山県","富山市","中老田","",919,420,499,7,271
976,"16201","5150","2","","","","富山県","富山市","東老田","",911,445,466,4,306
977,"16201","5160","2","","","","富山県","富山市","願海寺新町","",63,44,19,29,53
978,"16201","5170","2","","","","富山県","富山市","北押川","",220,108,112,-,86
979,"16201","5180","2","","","","富山県","富山市","西押川","",246,117,129,1,72
980,"16201","5190","2","","","","富山県","富山市","平岡","",183,92,91,-,66
981,"16201","5200","2","","","","富山県","富山市","開ケ丘","",71,31,40,7,28
982,"16201","5210","2","","","","富山県","富山市","山本","",161,76,85,3,66
983,"16201","5220","2","","","","富山県","富山市","坂下新","",-,-,-,-,-
984,"16201","5230","2","合算地域あり","","5240","富山県","富山市","三熊","",90,42,48,-,33
985,"16201","5240","2","秘匿地域","5230","","富山県","富山市","池多","",X,X,X,X,X
986,"16201","5250","2","","","","富山県","富山市","水橋新大町","",107,48,59,1,48
987,"16201","5260","2","","","","富山県","富山市","水橋新町","",118,48,70,1,56
988,"16201","5270","2","","","","富山県","富山市","水橋明治町","",34,9,25,-,16
989,"16201","5280","2","","","","富山県","富山市","水橋中大町","",76,39,37,3,36
990,"16201","5290","2","","","","富山県","富山市","水橋東天神町","",37,17,20,-,18
991,"16201","5300","2","","","","富山県","富山市","水橋稲荷町","",70,32,38,-,29
992,"16201","5310","2","","","","富山県","富山市","水橋西天神町","",86,46,40,-,36
993,"16201","5320","2","","","","富山県","富山市","水橋田町","",32,17,15,-,14
994,"16201","5330","2","","","","富山県","富山市","水橋西出町","",57,28,29,-,25
995,"16201","5340","2","","","","富山県","富山市","水橋中出町","",105,54,51,-,40
996,"16201","5350","2","","","","富山県","富山市","水橋東出町","",113,47,66,-,54
997,"16201","5360","2","","","","富山県","富山市","水橋朝日町","",60,27,33,-,27
998,"16201","5370","2","","","","富山県","富山市","水橋地蔵町","",44,24,20,-,25
999,"16201","5380","2","","","","富山県","富山市","水橋東浜町","",57,30,27,-,21
1000,"16201","5390","2","","","","富山県","富山市","水橋西浜町","",73,35,38,-,35
1001,"16201","5400","2","","","","富山県","富山市","水橋舘町","",408,187,221,2,176
1002,"16201","5410","2","","","","富山県","富山市","水橋中村町","",222,107,115,-,94
1003,"16201","5420","2","","","","富山県","富山市","水橋中村新町","",197,85,112,6,94
1004,"16201","5430","2","","","","富山県","富山市","水橋市江新町","",310,150,160,1,124
1005,"16201","5440","2","","","","富山県","富山市","水橋東舘町","",438,208,230,4,163
1006,"16201","5450","2","","","","富山県","富山市","水橋新舘町","",105,44,61,5,53
1007,"16201","5460","2","","","","富山県","富山市","水橋中村栄町","",233,114,119,-,86
1008,"16201","5470","2","","","","富山県","富山市","水橋市江","",310,145,165,3,96
1009,"16201","5480","2","","","","富山県","富山市","水橋新保","",106,53,53,-,39
1010,"16201","5490","2","","","","富山県","富山市","水橋新保新町","",72,38,34,-,38
1011,"16201","5500","2","","","","富山県","富山市","水橋辻ヶ堂","",757,295,462,18,179
1012,"16201","5510","2","","","","富山県","富山市","水橋荒町","",198,86,112,1,64
1013,"16201","5520","2","","","","富山県","富山市","水橋大正町","",516,255,261,1,207
1014,"16201","5530","2","","","","富山県","富山市","水橋立山町","",43,21,22,-,18
1015,"16201","5540","2","","","","富山県","富山市","水橋西大町","",83,43,40,-,32
1016,"16201","5550","2","","","","富山県","富山市","水橋浜町","",44,17,27,-,19
1017,"16201","5560","2","","","","富山県","富山市","水橋今町","",58,26,32,-,28
1018,"16201","5570","2","","","","富山県","富山市","水橋印田町","",96,46,50,-,48
1019,"16201","5580","2","","","","富山県","富山市","水橋山王町","",116,59,57,1,56
1020,"16201","5590","2","","","","富山県","富山市","水橋中町","",118,56,62,-,51
1021,"16201","5600","2","","","","富山県","富山市","水橋川原町","",179,87,92,7,75
1022,"16201","5610","2","","","","富山県","富山市","水橋駅前","",91,43,48,-,35
1023,"16201","5620","3","","","","富山県","富山市","水橋花の井町","",464,221,243,2,189
1024,"16201","562001","4","","","","富山県","富山市","水橋花の井町","（一丁目）",134,65,69,1,49
1025,"16201","562002","4","","","","富山県","富山市","水橋花の井町","（二丁目）",98,44,54,-,44
1026,"16201","562003","4","","","","富山県","富山市","水橋花の井町","（三丁目）",102,48,54,1,41
1027,"16201","562004","4","","","","富山県","富山市","水橋花の井町","（四丁目）",130,64,66,-,55
1028,"16201","5630","2","","","","富山県","富山市","水橋新堂町","",286,146,140,10,110
1029,"16201","5640","2","","","","富山県","富山市","水橋畠等町","",708,342,366,8,237
1030,"16201","5650","2","","","","富山県","富山市","水橋昭和町","",164,86,78,-,61
1031,"16201","5660","2","","","","富山県","富山市","水橋開発町","",120,57,63,1,43
1032,"16201","5670","2","","","","富山県","富山市","水橋狐塚","",60,30,30,-,25
1033,"16201","5680","2","","","","富山県","富山市","水橋柳寺","",68,36,32,-,21
1034,"16201","5690","2","","","","富山県","富山市","水橋石政","",186,83,103,-,67
1035,"16201","5700","2","","","","富山県","富山市","水橋恋塚","",64,36,28,10,24
1036,"16201","5710","2","","","","富山県","富山市","水橋上桜木","",127,63,64,16,52
1037,"16201","5720","2","","","","富山県","富山市","水橋桜木","",53,28,25,-,16
1038,"16201","5730","2","","","","富山県","富山市","水橋鏡田","",43,24,19,-,14
1039,"16201","5740","2","","","","富山県","富山市","水橋堅田","",75,38,37,3,27
1040,"16201","5750","2","","","","富山県","富山市","水橋小池","",85,41,44,2,31
1041,"16201","5760","2","","","","富山県","富山市","水橋五郎丸","",77,40,37,1,29
1042,"16201","5770","2","","","","富山県","富山市","水橋伊勢領","",54,25,29,-,19
1043,"16201","5780","2","","","","富山県","富山市","水橋下砂子坂新","",46,23,23,-,16
1044,"16201","5790","2","","","","富山県","富山市","水橋下砂子坂","",93,45,48,-,34
1045,"16201","5800","2","","","","富山県","富山市","水橋上砂子坂","",109,52,57,-,40
1046,"16201","5810","2","","","","富山県","富山市","水橋高志園町","",566,286,280,1,229
1047,"16201","5820","2","","","","富山県","富山市","水橋伊勢屋","",197,94,103,3,71
1048,"16201","5830","2","","","","富山県","富山市","水橋中村","",343,160,183,12,141
1049,"16201","5840","2","","","","富山県","富山市","水橋肘崎","",354,164,190,1,96
1050,"16201","5850","2","","","","富山県","富山市","水橋市田袋","",177,90,87,-,88
1051,"16201","5860","2","","","","富山県","富山市","水橋的場","",120,71,49,-,41
1052,"16201","5870","2","","","","富山県","富山市","水橋上的場","",25,13,12,-,7
1053,"16201","5880","2","","","","富山県","富山市","水橋小路","",183,95,88,2,71
1054,"16201","5890","2","","","","富山県","富山市","水橋沖","",150,80,70,10,58
1055,"16201","5900","2","","","","富山県","富山市","水橋柴草","",28,14,14,-,9
1056,"16201","5910","2","","","","富山県","富山市","水橋二杉","",111,54,57,-,34
1057,"16201","5920","2","","","","富山県","富山市","水橋入部町","",15,7,8,-,5
1058,"16201","5930","2","","","","富山県","富山市","水橋入江","",42,18,24,-,18
1059,"16201","5940","2","","","","富山県","富山市","水橋池田館","",103,53,50,-,38
1060,"16201","5950","2","","","","富山県","富山市","水橋池田町","",91,44,47,-,30
1061,"16201","5960","2","","","","富山県","富山市","水橋二ツ屋","",38,22,16,-,14
1062,"16201","5970","2","","","","富山県","富山市","水橋高堂","",54,30,24,-,17
1063,"16201","5980","2","秘匿地域","5990","","富山県","富山市","水橋番頭名","",X,X,X,X,X
1064,"16201","5990","2","合算地域あり","","5980","富山県","富山市","水橋金尾","",42,20,22,-,17
1065,"16201","6000","2","","","","富山県","富山市","水橋金尾新","",120,53,67,-,49
1066,"16201","6010","2","","","","富山県","富山市","水橋新堀","",262,75,187,-,33
1067,"16201","6020","2","","","","富山県","富山市","水橋常願寺","",95,46,49,-,34
1068,"16201","6030","2","","","","富山県","富山市","水橋開発","",625,304,321,15,242
1069,"16201","6040","2","","","","富山県","富山市","水橋中新町","",874,446,428,17,337
1070,"16201","6050","2","","","","富山県","富山市","水橋大正北部","",20,7,13,-,8
1071,"16201","6060","2","","","","富山県","富山市","水橋大正南部","",36,18,18,1,11
1072,"16201","6070","2","","","","富山県","富山市","水橋曲渕","",60,29,31,-,25
1073,"16201","6080","2","","","","富山県","富山市","水橋平塚","",39,17,22,-,17
1074,"16201","6090","2","","","","富山県","富山市","水橋北馬場","",76,37,39,-,28
1075,"16201","6100","2","","","","富山県","富山市","水橋中馬場","",20,8,12,-,9
1076,"16201","6110","2","","","","富山県","富山市","水橋金広","",33,15,18,-,9
1077,"16201","6120","2","","","","富山県","富山市","水橋小出表坪","",53,25,28,-,23
1078,"16201","6130","2","","","","富山県","富山市","水橋小出上屋","",63,28,35,-,27
1079,"16201","6140","2","","","","富山県","富山市","水橋小出東町","",45,22,23,-,16
1080,"16201","6150","2","","","","富山県","富山市","水橋小出裏坪","",76,41,35,1,26
1081,"16201","6160","2","","","","富山県","富山市","水橋専光寺","",64,29,35,2,24
1082,"16201","6170","2","","","","富山県","富山市","水橋高寺","",59,29,30,-,23
1083,"16201","6180","2","","","","富山県","富山市","水橋石割","",53,26,27,1,15
1084,"16201","6190","2","","","","富山県","富山市","水橋田伏","",85,48,37,-,26
1085,"16201","6200","2","","","","富山県","富山市","水橋佐野竹","",18,11,7,-,6
1086,"16201","6210","2","","","","富山県","富山市","水橋清水堂","",116,50,66,-,42
1087,"16201","6220","2","","","","富山県","富山市","秋吉新町","",697,331,366,12,308
1088,"16201","6230","2","","","","富山県","富山市","山室荒屋新町","",1169,583,586,11,382
1089,"16201","6250","2","","","","富山県","富山市","布瀬本町","",693,359,334,35,349
1090,"16201","6260","3","","","","富山県","富山市","布瀬町南","",1477,711,766,11,616
1091,"16201","626001","4","","","","富山県","富山市","布瀬町南","一丁目",808,415,393,5,348
1092,"16201","626002","4","","","","富山県","富山市","布瀬町南","二丁目",395,169,226,3,157
1093,"16201","626003","4","","","","富山県","富山市","布瀬町南","三丁目",274,127,147,3,111
1094,"16201","6270","3","","","","富山県","富山市","黒瀬北町","",1220,615,605,38,746
1095,"16201","627001","4","","","","富山県","富山市","黒瀬北町","一丁目",159,78,81,-,94
1096,"16201","627002","4","","","","富山県","富山市","黒瀬北町","二丁目",1061,537,524,38,652
1097,"16201","6280","2","","","","富山県","富山市","今泉西部町","",534,186,348,-,160
1098,"16201","6290","2","","","","富山県","富山市","掛尾栄町","",-,-,-,-,-
1099,"16201","6300","3","","","","富山県","富山市","太郎丸本町","",774,370,404,6,307
1100,"16201","630001","4","","","","富山県","富山市","太郎丸本町","一丁目",222,91,131,-,73
1101,"16201","630002","4","","","","富山県","富山市","太郎丸本町","二丁目",229,121,108,-,97
1102,"16201","630003","4","","","","富山県","富山市","太郎丸本町","三丁目",128,67,61,1,61
1103,"16201","630004","4","","","","富山県","富山市","太郎丸本町","四丁目",195,91,104,5,76
1104,"16201","6310","2","","","","富山県","富山市","今泉北部町","",134,78,56,4,85
1105,"16201","6320","3","","","","富山県","富山市","太郎丸西町","",830,305,525,3,269
1106,"16201","632001","4","","","","富山県","富山市","太郎丸西町","一丁目",755,267,488,3,230
1107,"16201","632002","4","","","","富山県","富山市","太郎丸西町","二丁目",75,38,37,-,39
1108,"16201","6330","2","秘匿地域","290003","","富山県","富山市","稲荷園町","",X,X,X,X,X
1109,"16201","6340","3","","","","富山県","富山市","文京町","",989,497,492,16,335
1110,"16201","634001","4","","","","富山県","富山市","文京町","一丁目",232,120,112,-,84
1111,"16201","634002","4","","","","富山県","富山市","文京町","二丁目",439,226,213,6,151
1112,"16201","634003","4","","","","富山県","富山市","文京町","三丁目",318,151,167,10,100
1113,"16201","6350","2","","","","富山県","富山市","田畑清風町","",611,301,310,-,194
1114,"16201","6360","3","","","","富山県","富山市","向新庄町","",3963,2114,1849,168,1903
1115,"16201","636001","4","","","","富山県","富山市","向新庄町","一丁目",1005,518,487,41,457
1116,"16201","636002","4","","","","富山県","富山市","向新庄町","二丁目",787,408,379,34,400
1117,"16201","636003","4","","","","富山県","富山市","向新庄町","三丁目",186,98,88,10,112
1118,"16201","636004","4","","","","富山県","富山市","向新庄町","四丁目",867,444,423,28,366
1119,"16201","636005","4","","","","富山県","富山市","向新庄町","五丁目",483,262,221,30,246
1120,"16201","636006","4","","","","富山県","富山市","向新庄町","六丁目",81,46,35,4,49
1121,"16201","636007","4","","","","富山県","富山市","向新庄町","七丁目",506,305,201,21,238
1122,"16201","636008","4","","","","富山県","富山市","向新庄町","八丁目",48,33,15,-,35
1123,"16201","6380","3","","","","富山県","富山市","上冨居","",1445,713,732,38,676
1124,"16201","638001","4","","","","富山県","富山市","上冨居","一丁目",191,102,89,4,83
1125,"16201","638002","4","","","","富山県","富山市","上冨居","二丁目",869,412,457,16,386
1126,"16201","638003","4","","","","富山県","富山市","上冨居","三丁目",385,199,186,18,207
1127,"16201","6390","3","","","","富山県","富山市","問屋町","",44,19,25,-,22
1128,"16201","639001","4","","","","富山県","富山市","問屋町","一丁目",44,19,25,-,22
1129,"16201","639002","4","","","","富山県","富山市","問屋町","二丁目",-,-,-,-,-
1130,"16201","639003","4","","","","富山県","富山市","問屋町","三丁目",-,-,-,-,-
1131,"16201","6400","3","","","","富山県","富山市","新庄本町","",129,61,68,6,65
1132,"16201","640001","4","合算地域あり","","640002","富山県","富山市","新庄本町","一丁目",17,10,7,-,10
1133,"16201","640002","4","秘匿地域","640001","","富山県","富山市","新庄本町","二丁目",X,X,X,X,X
1134,"16201","640003","4","","","","富山県","富山市","新庄本町","三丁目",112,51,61,6,55
1135,"16201","6410","3","","","","富山県","富山市","手屋","",728,339,389,6,336
1136,"16201","641001","4","","","","富山県","富山市","手屋","一丁目",216,102,114,1,104
1137,"16201","641002","4","","","","富山県","富山市","手屋","二丁目",295,132,163,-,102
1138,"16201","641003","4","","","","富山県","富山市","手屋","三丁目",217,105,112,5,130
1139,"16201","6420","2","","","","富山県","富山市","新庄北町","",748,372,376,49,367
1140,"16201","6430","3","","","","富山県","富山市","新庄銀座","",984,474,510,7,346
1141,"16201","643001","4","","","","富山県","富山市","新庄銀座","一丁目",407,193,214,2,160
1142,"16201","643002","4","","","","富山県","富山市","新庄銀座","二丁目",522,247,275,3,158
1143,"16201","643003","4","","","","富山県","富山市","新庄銀座","三丁目",55,34,21,2,28
1144,"16201","6440","2","","","","富山県","富山市","珠泉東町","",813,402,411,2,238
1145,"16201","6450","2","","","","富山県","富山市","珠泉西町","",586,294,292,1,167
1146,"16201","6460","2","","","","富山県","富山市","水橋上条新町","",674,342,332,1,202
1147,"16201","6470","2","","","","富山県","富山市","牛ケ増","",30,14,16,-,11
1148,"16201","6480","3","","","","富山県","富山市","笹津","",1131,516,615,24,472
1149,"16201","648001","4","","","","富山県","富山市","笹津","一区",95,45,50,3,40
1150,"16201","648002","4","","","","富山県","富山市","笹津","二区",73,37,36,-,26
1151,"16201","648003","4","","","","富山県","富山市","笹津","三区",185,81,104,2,70
1152,"16201","648004","4","","","","富山県","富山市","笹津","四区",108,47,61,-,52
1153,"16201","648005","4","","","","富山県","富山市","笹津","五区",211,101,110,11,90
1154,"16201","648006","4","","","","富山県","富山市","笹津","六区",196,87,109,2,67
1155,"16201","648007","4","","","","富山県","富山市","笹津","七区",263,118,145,6,127
1156,"16201","6490","2","","","","富山県","富山市","春日","",335,137,198,1,90
1157,"16201","6500","2","","","","富山県","富山市","下タ林","",278,124,154,-,87
1158,"16201","6510","3","","","","富山県","富山市","西大沢","",481,236,245,22,209
1159,"16201","651001","4","","","","富山県","富山市","西大沢","一区",212,112,100,22,86
1160,"16201","651002","4","","","","富山県","富山市","西大沢","二区",140,62,78,-,53
1161,"16201","651003","4","合算地域あり","","651004","富山県","富山市","西大沢","三区",129,62,67,-,70
1162,"16201","651004","4","秘匿地域","651003","","富山県","富山市","西大沢","敷紡寮",X,X,X,X,X
1163,"16201","6520","3","","","","富山県","富山市","高内","",360,185,175,4,147
1164,"16201","652001","4","","","","富山県","富山市","高内","一区",212,108,104,-,78
1165,"16201","652002","4","","","","富山県","富山市","高内","二区",148,77,71,4,69
1166,"16201","6530","3","","","","富山県","富山市","稲代","",1222,580,642,10,420
1167,"16201","653001","4","","","","富山県","富山市","稲代","一区",580,274,306,2,169
1168,"16201","653002","4","","","","富山県","富山市","稲代","二区",493,230,263,5,187
1169,"16201","653003","4","","","","富山県","富山市","稲代","幸町一区",108,57,51,1,43
1170,"16201","653004","4","","","","富山県","富山市","稲代","幸町二区",41,19,22,2,21
1171,"16201","6540","3","","","","富山県","富山市","八木山","",314,156,158,5,144
1172,"16201","654001","4","","","","富山県","富山市","八木山","一区",102,49,53,-,46
1173,"16201","654002","4","","","","富山県","富山市","八木山","二区",56,30,26,-,28
1174,"16201","654003","4","","","","富山県","富山市","八木山","三区",156,77,79,5,70
1175,"16201","6550","3","","","","富山県","富山市","上大久保","",4212,2066,2146,42,1566
1176,"16201","655001","4","","","","富山県","富山市","上大久保","一区",97,43,54,-,36
1177,"16201","655002","4","","","","富山県","富山市","上大久保","二区",187,94,93,1,71
1178,"16201","655003","4","","","","富山県","富山市","上大久保","三区",338,179,159,1,126
1179,"16201","655004","4","","","","富山県","富山市","上大久保","四区",846,418,428,19,363
1180,"16201","655005","4","","","","富山県","富山市","上大久保","五区",850,427,423,2,308
1181,"16201","655006","4","","","","富山県","富山市","上大久保","六区",1047,482,565,6,331
1182,"16201","655007","4","","","","富山県","富山市","上大久保","栄町",254,117,137,1,100
1183,"16201","655008","4","","","","富山県","富山市","上大久保","北新町",121,55,66,-,43
1184,"16201","655009","4","","","","富山県","富山市","上大久保","東新町",318,169,149,11,128
1185,"16201","655011","4","","","","富山県","富山市","上大久保","泉町",154,82,72,1,60
1186,"16201","6560","3","","","","富山県","富山市","長附","",2724,1333,1391,24,989
1187,"16201","656001","4","","","","富山県","富山市","長附","一区",339,163,176,-,118
1188,"16201","656002","4","","","","富山県","富山市","長附","二区",173,84,89,-,60
1189,"16201","656003","4","","","","富山県","富山市","長附","三区",457,222,235,3,166
1190,"16201","656004","4","","","","富山県","富山市","長附","四区",340,158,182,1,125
1191,"16201","656005","4","","","","富山県","富山市","長附","五区",177,92,85,4,79
1192,"16201","656006","4","","","","富山県","富山市","長附","六区",313,151,162,12,129
1193,"16201","656007","4","","","","富山県","富山市","長附","七区",642,325,317,3,205
1194,"16201","656008","4","","","","富山県","富山市","長附","南花園町",283,138,145,1,107
1195,"16201","6570","3","","","","富山県","富山市","上二杉","",1635,791,844,18,631
1196,"16201","657001","4","","","","富山県","富山市","上二杉","一区",630,309,321,3,244
1197,"16201","657002","4","","","","富山県","富山市","上二杉","二区",381,181,200,6,147
1198,"16201","657003","4","","","","富山県","富山市","上二杉","三区",512,243,269,8,203
1199,"16201","657008","4","","","","富山県","富山市","上二杉","南花園町",112,58,54,1,37
1200,"16201","6580","2","","","","富山県","富山市","加納","",202,106,96,1,65
1201,"16201","6590","2","","","","富山県","富山市","西塩野","",200,101,99,2,74
1202,"16201","6600","2","","","","富山県","富山市","岩木","",53,23,30,-,18
1203,"16201","6610","2","","","","富山県","富山市","岩木新","",12,6,6,-,5
1204,"16201","6620","2","","","","富山県","富山市","東猪谷","",51,24,27,-,21
1205,"16201","6630","2","","","","富山県","富山市","舟渡","",24,13,11,-,12
1206,"16201","6640","2","","","","富山県","富山市","小糸","",21,10,11,-,9
1207,"16201","6650","2","秘匿地域","6660","","富山県","富山市","伏木","",X,X,X,X,X
1208,"16201","6660","2","合算地域あり","","6650;6670","富山県","富山市","吉野","",30,15,15,-,17
1209,"16201","6670","2","秘匿地域","6660","","富山県","富山市","寺津","",X,X,X,X,X
1210,"16201","6680","2","","","","富山県","富山市","町長","",97,45,52,1,28
1211,"16201","6690","2","","","","富山県","富山市","布尻","",45,22,23,-,16
1212,"16201","6700","2","合算地域あり","","6710","富山県","富山市","今生津","",22,10,12,1,9
1213,"16201","6710","2","秘匿地域","6700","","富山県","富山市","芦生","",X,X,X,X,X
1214,"16201","6720","2","合算地域あり","","6730","富山県","富山市","須原","",101,47,54,-,39
1215,"16201","6730","2","秘匿地域","6720","","富山県","富山市","長川原","",X,X,X,X,X
1216,"16201","6740","2","","","","富山県","富山市","小羽","",69,30,39,-,22
1217,"16201","6750","2","","","","富山県","富山市","葛原","",48,29,19,1,23
1218,"16201","6760","2","合算地域あり","","6770;6780","富山県","富山市","下伏","",30,16,14,-,11
1219,"16201","6770","2","秘匿地域","6760","","富山県","富山市","土","",X,X,X,X,X
1220,"16201","6780","2","秘匿地域","6760","","富山県","富山市","根上","",X,X,X,X,X
1221,"16201","6790","2","","","","富山県","富山市","寺家","",233,117,116,1,80
1222,"16201","6800","2","","","","富山県","富山市","市場","",85,40,45,-,32
1223,"16201","6810","2","","","","富山県","富山市","直坂","",16,8,8,-,6
1224,"16201","6820","2","","","","富山県","富山市","横樋","",138,63,75,17,59
1225,"16201","6830","2","","","","富山県","富山市","大野","",120,53,67,-,36
1226,"16201","6840","2","","","","富山県","富山市","南野田","",84,36,48,-,19
1227,"16201","6850","3","","","","富山県","富山市","坂本","",769,434,335,2,143
1228,"16201","685001","4","","","","富山県","富山市","坂本","一区",217,116,101,2,74
1229,"16201","685002","4","","","","富山県","富山市","坂本","二区",189,92,97,-,63
1230,"16201","685003","4","","","","富山県","富山市","坂本","セーナー苑",363,226,137,-,6
1231,"16201","685004","4","","","","富山県","富山市","坂本","カーボン二区",-,-,-,-,-
1232,"16201","6860","2","","","","富山県","富山市","二松","",188,82,106,-,55
1233,"16201","6870","3","","","","富山県","富山市","万願寺","",174,88,86,1,65
1234,"16201","687000","4","","","","富山県","富山市","万願寺","",117,60,57,-,46
1235,"16201","687001","4","","","","富山県","富山市","万願寺","万開",57,28,29,1,19
1236,"16201","6880","2","","","","富山県","富山市","松野","",99,50,49,-,34
1237,"16201","6890","2","","","","富山県","富山市","小黒","",87,42,45,1,29
1238,"16201","6900","3","","","","富山県","富山市","下大久保","",3967,2004,1963,85,1517
1239,"16201","690001","4","","","","富山県","富山市","下大久保","一区",1088,527,561,3,364
1240,"16201","690002","4","","","","富山県","富山市","下大久保","二区",411,202,209,1,133
1241,"16201","690003","4","","","","富山県","富山市","下大久保","三区",397,195,202,1,143
1242,"16201","690004","4","","","","富山県","富山市","下大久保","四区",229,119,110,6,104
1243,"16201","690005","4","","","","富山県","富山市","下大久保","五区",236,126,110,-,82
1244,"16201","690006","4","","","","富山県","富山市","下大久保","六区",359,176,183,-,143
1245,"16201","690007","4","","","","富山県","富山市","下大久保","東ヶ丘",148,71,77,1,65
1246,"16201","690008","4","","","","富山県","富山市","下大久保","下大久保新町",113,89,24,54,92
1247,"16201","690009","4","","","","富山県","富山市","下大久保","若草町",410,201,209,3,149
1248,"16201","690010","4","","","","富山県","富山市","下大久保","緑町",265,140,125,2,116
1249,"16201","690011","4","","","","富山県","富山市","下大久保","大久保新町",138,76,62,5,52
1250,"16201","690012","4","","","","富山県","富山市","下大久保","若葉台",173,82,91,9,74
1251,"16201","6910","2","","","","富山県","富山市","新村","",127,44,83,1,24
1252,"16201","6920","2","","","","富山県","富山市","合田","",64,33,31,-,20
1253,"16201","6930","2","","","","富山県","富山市","東大久保","",262,132,130,1,86
1254,"16201","6940","2","","","","富山県","富山市","中大久保","",650,323,327,39,271
1255,"16201","6950","2","","","","富山県","富山市","神通","",25,12,13,-,7
1256,"16201","6960","2","","","","富山県","富山市","塩","",185,83,102,-,65
1257,"16201","6970","3","","","","富山県","富山市","上滝","",625,301,324,4,249
1258,"16201","697000","4","","","","富山県","富山市","上滝","",-,-,-,-,-
1259,"16201","697001","4","","","","富山県","富山市","上滝","東町",123,58,65,3,54
1260,"16201","697002","4","","","","富山県","富山市","上滝","東新町",133,63,70,-,47
1261,"16201","697003","4","","","","富山県","富山市","上滝","上新町",107,57,50,1,44
1262,"16201","697004","4","","","","富山県","富山市","上滝","六間町",95,44,51,-,34
1263,"16201","697005","4","","","","富山県","富山市","上滝","中町",44,23,21,-,20
1264,"16201","697006","4","","","","富山県","富山市","上滝","川端町",107,48,59,-,42
1265,"16201","697007","4","","","","富山県","富山市","上滝","緑町",16,8,8,-,8
1266,"16201","6980","3","","","","富山県","富山市","中滝","",510,243,267,20,227
1267,"16201","698000","4","","","","富山県","富山市","中滝","",410,203,207,20,173
1268,"16201","698001","4","","","","富山県","富山市","中滝","中滝団地",100,40,60,-,54
1269,"16201","698002","4","","","","富山県","富山市","中滝","中ノ寺団地",-,-,-,-,-
1270,"16201","6990","3","","","","富山県","富山市","三室荒屋","",732,339,393,6,279
1271,"16201","699000","4","","","","富山県","富山市","三室荒屋","",477,223,254,2,175
1272,"16201","699001","4","","","","富山県","富山市","三室荒屋","新曙町",83,36,47,-,34
1273,"16201","699002","4","","","","富山県","富山市","三室荒屋","新栄町",172,80,92,4,70
1274,"16201","7000","3","合算地域あり","","700000;700001","富山県","富山市","大山上野","",142,69,73,1,49
1275,"16201","700000","4","秘匿地域","7000","","富山県","富山市","大山上野","",X,X,X,X,X
1276,"16201","700001","4","秘匿地域","7000","","富山県","富山市","大山上野","新上野",X,X,X,X,X
1277,"16201","7010","2","","","","富山県","富山市","文珠寺","",165,79,86,-,69
1278,"16201","7020","2","","","","富山県","富山市","東小俣","",25,11,14,-,9
1279,"16201","7030","2","","","","富山県","富山市","西小俣","",13,9,4,-,5
1280,"16201","7040","2","","","","富山県","富山市","長瀬","",-,-,-,-,-
1281,"16201","7050","2","","","","富山県","富山市","新町","",-,-,-,-,-
1282,"16201","7060","2","合算地域あり","","7070","富山県","富山市","岡田","",49,19,30,1,18
1283,"16201","7070","2","秘匿地域","7060","","富山県","富山市","大山松木","",X,X,X,X,X
1284,"16201","7080","2","","","","富山県","富山市","牧","",26,11,15,-,13
1285,"16201","7090","2","","","","富山県","富山市","才覚地","",24,11,13,-,11
1286,"16201","7100","2","","","","富山県","富山市","水須","",-,-,-,-,-
1287,"16201","7110","2","","","","富山県","富山市","中地山","",-,-,-,-,-
1288,"16201","7120","2","","","","富山県","富山市","和田","",26,9,17,-,13
1289,"16201","7130","2","","","","富山県","富山市","小見","",113,44,69,-,53
1290,"16201","7140","2","","","","富山県","富山市","亀谷","",98,49,49,3,38
1291,"16201","7150","3","","","","富山県","富山市","本宮","",199,93,106,1,78
1292,"16201","715000","4","","","","富山県","富山市","本宮","",97,45,52,-,38
1293,"16201","715001","4","","","","富山県","富山市","本宮","はなきり",33,17,16,1,17
1294,"16201","715002","4","","","","富山県","富山市","本宮","粟巣野",69,31,38,-,23
1295,"16201","7160","2","","","","富山県","富山市","原","",38,19,19,-,17
1296,"16201","7170","2","","","","富山県","富山市","有峰","",39,27,12,-,35
1297,"16201","7180","3","","","","富山県","富山市","田畠","",1498,726,772,9,493
1298,"16201","718000","4","","","","富山県","富山市","田畠","",669,322,347,8,218
1299,"16201","718001","4","","","","富山県","富山市","田畠","たばたけ寿町",175,79,96,-,53
1300,"16201","718002","4","","","","富山県","富山市","田畠","明日美野",571,280,291,1,193
1301,"16201","718003","4","","","","富山県","富山市","田畠","風見台",83,45,38,-,29
1302,"16201","7190","3","","","","富山県","富山市","善名","",500,236,264,4,173
1303,"16201","719000","4","","","","富山県","富山市","善名","",237,108,129,4,85
1304,"16201","719001","4","","","","富山県","富山市","善名","ニュータウン",263,128,135,-,88
1305,"16201","7200","3","","","","富山県","富山市","下番","",324,167,157,2,121
1306,"16201","720000","4","","","","富山県","富山市","下番","",118,58,60,2,44
1307,"16201","720001","4","","","","富山県","富山市","下番","新町",63,35,28,-,28
1308,"16201","720002","4","","","","富山県","富山市","下番","花みず木台",143,74,69,-,49
1309,"16201","7210","3","","","","富山県","富山市","馬瀬口","",182,91,91,6,70
1310,"16201","721000","4","","","","富山県","富山市","馬瀬口","",151,74,77,6,53
1311,"16201","721001","4","","","","富山県","富山市","馬瀬口","殿様林",31,17,14,-,17
1312,"16201","7220","3","","","","富山県","富山市","中番","",354,188,166,17,163
1313,"16201","722000","4","","","","富山県","富山市","中番","",174,110,64,17,88
1314,"16201","722001","4","","","","富山県","富山市","中番","新栄町",150,67,83,-,60
1315,"16201","722002","4","","","","富山県","富山市","中番","旭ヶ丘",30,11,19,-,15
1316,"16201","7230","2","","","","富山県","富山市","小原屋","",218,97,121,4,75
1317,"16201","7240","3","","","","富山県","富山市","大栗","",343,170,173,5,121
1318,"16201","724000","4","","","","富山県","富山市","大栗","",114,57,57,-,43
1319,"16201","724001","4","","","","富山県","富山市","大栗","つくし野",229,113,116,5,78
1320,"16201","7250","3","","","","富山県","富山市","花崎","",504,205,299,-,123
1321,"16201","725000","4","","","","富山県","富山市","花崎","",432,197,235,-,122
1322,"16201","725001","4","","","","富山県","富山市","花崎","はなさき苑",72,8,64,-,1
1323,"16201","7260","2","","","","富山県","富山市","上大浦","",41,20,21,-,18
1324,"16201","7270","2","","","","富山県","富山市","中大浦","",106,48,58,-,28
1325,"16201","7280","2","","","","富山県","富山市","下大浦","",35,16,19,-,15
1326,"16201","7290","3","","","","富山県","富山市","桑原","",373,195,178,4,122
1327,"16201","729000","4","","","","富山県","富山市","桑原","",116,64,52,1,36
1328,"16201","729001","4","","","","富山県","富山市","桑原","風見台",87,43,44,1,26
1329,"16201","729002","4","","","","富山県","富山市","桑原","グリーンコア",170,88,82,2,60
1330,"16201","7300","2","","","","富山県","富山市","南大場","",257,126,131,-,93
1331,"16201","7310","2","","","","富山県","富山市","津羽見","",378,193,185,3,143
1332,"16201","7320","2","","","","富山県","富山市","東福沢","",618,337,281,1,188
1333,"16201","7330","2","","","","富山県","富山市","小佐波","",-,-,-,-,-
1334,"16201","7340","2","合算地域あり","","7350","富山県","富山市","牧野","",68,33,35,-,28
1335,"16201","7350","2","秘匿地域","7340","","富山県","富山市","大山布目","",X,X,X,X,X
1336,"16201","7360","3","","","","富山県","富山市","東黒牧","",280,150,130,24,112
1337,"16201","736000","4","","","","富山県","富山市","東黒牧","",241,127,114,24,87
1338,"16201","736001","4","","","","富山県","富山市","東黒牧","上野",39,23,16,-,25
1339,"16201","7370","2","","","","富山県","富山市","楜ケ原","",17,8,9,-,8
1340,"16201","7380","2","","","","富山県","富山市","小谷","",-,-,-,-,-
1341,"16201","7390","2","","","","富山県","富山市","日尾","",34,16,18,-,14
1342,"16201","7400","2","合算地域あり","","7410","富山県","富山市","瀬戸","",20,7,13,1,8
1343,"16201","7410","2","秘匿地域","7400","","富山県","富山市","小坂","",X,X,X,X,X
1344,"16201","7420","2","","","","富山県","富山市","大山北新町","",347,170,177,8,137
1345,"16201","7430","2","","","","富山県","富山市","八尾町東町","",216,108,108,-,87
1346,"16201","7440","2","","","","富山県","富山市","八尾町西町","",264,123,141,-,99
1347,"16201","7450","2","","","","富山県","富山市","八尾町鏡町","",245,112,133,1,101
1348,"16201","7460","2","","","","富山県","富山市","八尾町上新町","",279,130,149,1,120
1349,"16201","7470","2","","","","富山県","富山市","八尾町諏訪町","",181,86,95,-,67
1350,"16201","7480","2","","","","富山県","富山市","八尾町西新町","",231,132,99,5,125
1351,"16201","7490","2","","","","富山県","富山市","八尾町東新町","",42,18,24,-,18
1352,"16201","7500","2","","","","富山県","富山市","八尾町今町","",100,47,53,-,32
1353,"16201","7510","2","","","","富山県","富山市","八尾町下新町","",230,115,115,-,96
1354,"16201","7520","2","","","","富山県","富山市","八尾町天満町","",165,76,89,-,55
1355,"16201","7530","2","","","","富山県","富山市","八尾町高善寺","",391,192,199,2,124
1356,"16201","7540","2","","","","富山県","富山市","八尾町館","",58,31,27,3,15
1357,"16201","7550","2","","","","富山県","富山市","八尾町本郷","",154,75,79,7,46
1358,"16201","7560","2","","","","富山県","富山市","八尾町田中","",77,43,34,-,26
1359,"16201","7570","3","","","","富山県","富山市","八尾町翠尾","",182,90,92,-,53
1360,"16201","757000","4","","","","富山県","富山市","八尾町翠尾","",108,51,57,-,33
1361,"16201","757001","4","","","","富山県","富山市","八尾町翠尾","ホープタウン",74,39,35,-,20
1362,"16201","7580","3","","","","富山県","富山市","八尾町奥田","",488,214,274,-,147
1363,"16201","758000","4","","","","富山県","富山市","八尾町奥田","",184,93,91,-,70
1364,"16201","758001","4","","","","富山県","富山市","八尾町奥田","夢タウン",224,114,110,-,75
1365,"16201","758002","4","","","","富山県","富山市","八尾町奥田","椿寿荘",80,7,73,-,2
1366,"16201","7590","3","","","","富山県","富山市","八尾町三田","",297,142,155,5,102
1367,"16201","759000","4","","","","富山県","富山市","八尾町三田","",213,103,110,4,68
1368,"16201","759001","4","","","","富山県","富山市","八尾町三田","城が丘",84,39,45,1,34
1369,"16201","7600","2","","","","富山県","富山市","八尾町平林","",14,5,9,-,5
1370,"16201","7610","2","","","","富山県","富山市","八尾町松原","",118,62,56,-,40
1371,"16201","7620","3","","","","富山県","富山市","八尾町新田","",832,409,423,-,272
1372,"16201","762001","4","","","","富山県","富山市","八尾町新田","",124,65,59,-,35
1373,"16201","762002","4","","","","富山県","富山市","八尾町新田","中新田",125,63,62,-,35
1374,"16201","762003","4","","","","富山県","富山市","八尾町新田","上新田",374,180,194,-,125
1375,"16201","762004","4","","","","富山県","富山市","八尾町新田","テクノタウン",209,101,108,-,77
1376,"16201","7630","3","","","","富山県","富山市","八尾町水谷","",444,220,224,4,165
1377,"16201","763000","4","","","","富山県","富山市","八尾町水谷","",226,111,115,-,77
1378,"16201","763001","4","","","","富山県","富山市","八尾町水谷","望岳台",218,109,109,4,88
1379,"16201","7640","3","","","","富山県","富山市","八尾町妙川寺","",200,92,108,1,80
1380,"16201","764000","4","","","","富山県","富山市","八尾町妙川寺","",108,55,53,-,36
1381,"16201","764001","4","","","","富山県","富山市","八尾町妙川寺","市住",92,37,55,1,44
1382,"16201","7650","2","","","","富山県","富山市","八尾町石戸","",236,112,124,-,77
1383,"16201","7660","2","","","","富山県","富山市","八尾町上高善寺","",186,93,93,-,57
1384,"16201","7670","3","","","","富山県","富山市","八尾町福島","",3302,1668,1634,162,1267
1385,"16201","767001","4","","","","富山県","富山市","八尾町福島","元村",852,421,431,70,372
1386,"16201","767002","4","","","","富山県","富山市","八尾町福島","八尾園",183,123,60,2,6
1387,"16201","767003","4","","","","富山県","富山市","八尾町福島","上野",699,371,328,55,268
1388,"16201","767004","4","","","","富山県","富山市","八尾町福島","上野市住",194,82,112,2,80
1389,"16201","767005","4","","","","富山県","富山市","八尾町福島","第一",262,133,129,-,87
1390,"16201","767006","4","","","","富山県","富山市","八尾町福島","第二",133,53,80,10,60
1391,"16201","767007","4","","","","富山県","富山市","八尾町福島","第三",551,297,254,15,236
1392,"16201","767008","4","","","","富山県","富山市","八尾町福島","第四",428,188,240,8,158
1393,"16201","7740","2","","","","富山県","富山市","八尾町黒田","",1299,623,676,11,440
1394,"16201","7750","2","","","","富山県","富山市","八尾町井田","",1465,690,775,58,528
1395,"16201","7760","3","","","","富山県","富山市","八尾町井田新","",69,35,34,1,26
1396,"16201","776001","4","","","","富山県","富山市","八尾町井田新","上井田新",42,23,19,1,17
1397,"16201","776002","4","","","","富山県","富山市","八尾町井田新","下井田新",27,12,15,-,9
1398,"16201","7770","2","","","","富山県","富山市","八尾町井田新","",250,121,129,4,85
1399,"16201","7780","2","","","","富山県","富山市","八尾町寺家","",170,88,82,1,56
1400,"16201","7790","2","","","","富山県","富山市","八尾町杉田","",916,469,447,22,305
1401,"16201","7800","2","","","","富山県","富山市","八尾町大杉","",1095,543,552,5,342
1402,"16201","7810","2","","","","富山県","富山市","八尾町滅鬼","",217,109,108,-,68
1403,"16201","7820","2","","","","富山県","富山市","八尾町薄島","",262,121,141,2,88
1404,"16201","7830","2","","","","富山県","富山市","八尾町野飼","",49,24,25,-,15
1405,"16201","7840","2","","","","富山県","富山市","八尾町西神通","",154,71,83,1,46
1406,"16201","7850","2","","","","富山県","富山市","八尾町中神通","",63,31,32,1,17
1407,"16201","7860","2","","","","富山県","富山市","八尾町城生","",168,88,80,2,55
1408,"16201","7870","2","","","","富山県","富山市","八尾町井栗谷","",44,22,22,-,17
1409,"16201","7880","2","","","","富山県","富山市","八尾町深谷","",343,169,174,3,115
1410,"16201","7890","2","","","","富山県","富山市","八尾町丸山","",70,28,42,1,24
1411,"16201","7900","2","","","","富山県","富山市","八尾町下笹原","",221,109,112,-,77
1412,"16201","7910","2","","","","富山県","富山市","八尾町掛畑","",40,18,22,-,15
1413,"16201","7920","2","","","","富山県","富山市","八尾町上黒瀬","",15,8,7,-,4
1414,"16201","7930","2","","","","富山県","富山市","八尾町小原","",-,-,-,-,-
1415,"16201","7940","2","","","","富山県","富山市","八尾町桐谷","",26,14,12,-,12
1416,"16201","7950","2","","","","富山県","富山市","八尾町上笹原","",51,26,25,-,23
1417,"16201","7960","2","","","","富山県","富山市","八尾町茗ケ原","",72,34,38,1,29
1418,"16201","7970","2","","","","富山県","富山市","八尾町角間","",60,28,32,-,17
1419,"16201","7980","2","","","","富山県","富山市","八尾町梅苑町","",257,112,145,3,99
1420,"16201","7990","3","","","","富山県","富山市","八尾町高熊","",211,96,115,2,76
1421,"16201","799000","4","","","","富山県","富山市","八尾町高熊","元村",162,73,89,2,59
1422,"16201","799001","4","","","","富山県","富山市","八尾町高熊","",49,23,26,-,17
1423,"16201","8000","2","","","","富山県","富山市","八尾町高橋","",31,13,18,1,13
1424,"16201","8010","2","","","","富山県","富山市","八尾町中","",24,9,15,-,10
1425,"16201","8020","2","合算地域あり","","8030","富山県","富山市","八尾町天池","",49,28,21,-,20
1426,"16201","8030","2","秘匿地域","8020","","富山県","富山市","八尾町高瀬","",X,X,X,X,X
1427,"16201","8040","2","","","","富山県","富山市","八尾町細滝","",23,9,14,-,11
1428,"16201","8050","2","","","","富山県","富山市","八尾町高尾","",21,12,9,-,8
1429,"16201","8060","2","","","","富山県","富山市","八尾町和山","",29,14,15,1,10
1430,"16201","8070","2","","","","富山県","富山市","八尾町上ノ名","",-,-,-,-,-
1431,"16201","8080","2","","","","富山県","富山市","八尾町足谷","",-,-,-,-,-
1432,"16201","8090","3","","","","富山県","富山市","八尾町小長谷","",808,393,415,4,268
1433,"16201","809000","4","","","","富山県","富山市","八尾町小長谷","",191,88,103,2,59
1434,"16201","809001","4","合算地域あり","","809002","富山県","富山市","八尾町小長谷","台地",236,116,120,-,74
1435,"16201","809002","4","秘匿地域","809001","","富山県","富山市","八尾町小長谷","雇用住宅",X,X,X,X,X
1436,"16201","809003","4","","","","富山県","富山市","八尾町小長谷","晴らん台",381,189,192,2,135
1437,"16201","8100","2","","","","富山県","富山市","八尾町小長谷新","",84,39,45,1,24
1438,"16201","8110","2","","","","富山県","富山市","八尾町樫尾","",75,35,40,-,23
1439,"16201","8120","2","","","","富山県","富山市","八尾町岩屋","",89,40,49,1,26
1440,"16201","8130","2","","","","富山県","富山市","八尾町宮腰","",33,18,15,-,14
1441,"16201","8140","2","","","","富山県","富山市","八尾町外堀","",28,11,17,-,12
1442,"16201","8150","2","","","","富山県","富山市","八尾町東坂下","",14,6,8,-,4
1443,"16201","8160","2","","","","富山県","富山市","八尾町水口","",43,23,20,-,14
1444,"16201","8170","3","","","","富山県","富山市","八尾町上ヶ島","",118,58,60,-,19
1445,"16201","817000","4","","","","富山県","富山市","八尾町上ヶ島","",60,29,31,-,15
1446,"16201","817001","4","","","","富山県","富山市","八尾町上ヶ島","野積園",58,29,29,-,4
1447,"16201","8180","2","","","","富山県","富山市","八尾町宮ノ下","",24,12,12,-,8
1448,"16201","8190","2","","","","富山県","富山市","八尾町道畑","",30,14,16,-,10
1449,"16201","8200","2","","","","富山県","富山市","八尾町八十島","",27,12,15,1,9
1450,"16201","8210","2","","","","富山県","富山市","八尾町上田池","",36,16,20,-,12
1451,"16201","8220","2","","","","富山県","富山市","八尾町西葛坂","",30,13,17,-,13
1452,"16201","8230","3","","","","富山県","富山市","八尾町乗嶺","",151,65,86,-,38
1453,"16201","823000","4","","","","富山県","富山市","八尾町乗嶺","",115,58,57,-,37
1454,"16201","823001","4","","","","富山県","富山市","八尾町乗嶺","のりみね苑",36,7,29,-,1
1455,"16201","8240","2","","","","富山県","富山市","八尾町青根","",41,22,19,-,17
1456,"16201","8250","2","","","","富山県","富山市","八尾町西川倉","",42,28,14,-,13
1457,"16201","8260","2","","","","富山県","富山市","八尾町東川倉","",72,36,36,-,26
1458,"16201","8270","2","","","","富山県","富山市","八尾町東布谷","",19,11,8,-,8
1459,"16201","8280","2","","","","富山県","富山市","八尾町布谷","",35,17,18,1,16
1460,"16201","8290","2","秘匿地域","8450","","富山県","富山市","八尾町赤石","",X,X,X,X,X
1461,"16201","8300","2","秘匿地域","8450","","富山県","富山市","八尾町東松瀬","",X,X,X,X,X
1462,"16201","8310","2","秘匿地域","8320","","富山県","富山市","八尾町大下","",X,X,X,X,X
1463,"16201","8320","2","合算地域あり","","8310;8330","富山県","富山市","八尾町下仁歩","",22,10,12,-,9
1464,"16201","8330","2","秘匿地域","8320","","富山県","富山市","八尾町中仁歩","",X,X,X,X,X
1465,"16201","8340","2","","","","富山県","富山市","八尾町上仁歩","",13,5,8,-,6
1466,"16201","8350","2","","","","富山県","富山市","八尾町入谷","",14,6,8,-,6
1467,"16201","8360","2","","","","富山県","富山市","八尾町平沢","",27,17,10,-,14
1468,"16201","8370","2","","","","富山県","富山市","八尾町三ツ松","",25,9,16,1,10
1469,"16201","8380","2","秘匿地域","9510","","富山県","富山市","八尾町倉ケ谷","",X,X,X,X,X
1470,"16201","8390","2","合算地域あり","","8420","富山県","富山市","八尾町正間","",16,6,10,-,6
1471,"16201","8400","2","秘匿地域","9510","","富山県","富山市","八尾町大玉生","",X,X,X,X,X
1472,"16201","8410","2","","","","富山県","富山市","八尾町尾畑","",-,-,-,-,-
1473,"16201","8420","2","秘匿地域","8390","","富山県","富山市","八尾町武道原","",X,X,X,X,X
1474,"16201","8430","2","秘匿地域","9510","","富山県","富山市","八尾町中山","",X,X,X,X,X
1475,"16201","8440","2","秘匿地域","9510","","富山県","富山市","八尾町栃折","",X,X,X,X,X
1476,"16201","8450","2","合算地域あり","","8290;8300;8460;8470;8480;8490;8500;8510","富山県","富山市","八尾町花房","",39,22,17,-,27
1477,"16201","8460","2","秘匿地域","8450","","富山県","富山市","八尾町上牧","",X,X,X,X,X
1478,"16201","8470","2","秘匿地域","8450","","富山県","富山市","八尾町島地","",X,X,X,X,X
1479,"16201","8480","2","秘匿地域","8450","","富山県","富山市","八尾町内名","",X,X,X,X,X
1480,"16201","8490","2","秘匿地域","8450","","富山県","富山市","八尾町高野","",X,X,X,X,X
1481,"16201","8500","2","秘匿地域","8450","","富山県","富山市","八尾町新屋","",X,X,X,X,X
1482,"16201","8510","2","秘匿地域","8450","","富山県","富山市","八尾町庵谷","",X,X,X,X,X
1483,"16201","8520","3","","","","富山県","富山市","婦中町笹倉","",1506,770,736,17,628
1484,"16201","852001","4","","","","富山県","富山市","婦中町笹倉","一区",328,158,170,3,116
1485,"16201","852002","4","","","","富山県","富山市","婦中町笹倉","二区",261,127,134,1,110
1486,"16201","852003","4","","","","富山県","富山市","婦中町笹倉","三区",492,254,238,10,211
1487,"16201","852004","4","","","","富山県","富山市","婦中町笹倉","四区",130,66,64,2,60
1488,"16201","852005","4","","","","富山県","富山市","婦中町笹倉","五区",209,101,108,-,77
1489,"16201","852006","4","","","","富山県","富山市","婦中町笹倉","八区・一一区",-,-,-,-,-
1490,"16201","852007","4","","","","富山県","富山市","婦中町笹倉","一三区",86,64,22,1,54
1491,"16201","8530","2","","","","富山県","富山市","婦中町麦島","",643,324,319,10,233
1492,"16201","8540","2","","","","富山県","富山市","婦中町袋","",1230,589,641,33,437
1493,"16201","8550","3","","","","富山県","富山市","婦中町砂子田","",1897,961,936,33,755
1494,"16201","855001","4","","","","富山県","富山市","婦中町砂子田","一区",165,86,79,1,78
1495,"16201","855002","4","","","","富山県","富山市","婦中町砂子田","二区",386,198,188,3,164
1496,"16201","855003","4","","","","富山県","富山市","婦中町砂子田","三区",446,217,229,10,176
1497,"16201","855004","4","","","","富山県","富山市","婦中町砂子田","四区",220,108,112,6,86
1498,"16201","855005","4","","","","富山県","富山市","婦中町砂子田","五区",680,352,328,13,251
1499,"16201","8561","2","","","","富山県","富山市","婦中町蛍川","",836,395,441,8,308
1500,"16201","8562","3","","","","富山県","富山市","婦中町板倉","",206,109,97,6,81
1501,"16201","856200","4","","","","富山県","富山市","婦中町板倉","",194,102,92,6,77
1502,"16201","856201","4","","","","富山県","富山市","婦中町板倉","希来里",12,7,5,-,4
1503,"16201","8570","3","","","","富山県","富山市","婦中町増田","",459,219,240,-,148
1504,"16201","857000","4","","","","富山県","富山市","婦中町増田","",103,50,53,-,33
1505,"16201","857001","4","","","","富山県","富山市","婦中町増田","希来里",356,169,187,-,115
1506,"16201","8580","3","","","","富山県","富山市","婦中町速星","",2895,1453,1442,74,1343
1507,"16201","858001","4","","","","富山県","富山市","婦中町速星","一区",1108,565,543,7,532
1508,"16201","858002","4","","","","富山県","富山市","婦中町速星","二区",1324,654,670,44,599
1509,"16201","858003","4","","","","富山県","富山市","婦中町速星","三区",92,47,45,8,39
1510,"16201","858004","4","","","","富山県","富山市","婦中町速星","四区",248,125,123,11,119
1511,"16201","858005","4","","","","富山県","富山市","婦中町速星","五区",123,62,61,4,54
1512,"16201","8590","3","","","","富山県","富山市","婦中町下轡田","",2180,1093,1087,18,970
1513,"16201","859000","4","","","","富山県","富山市","婦中町下轡田","",2078,1044,1034,18,929
1514,"16201","859001","4","","","","富山県","富山市","婦中町下轡田","希来里",102,49,53,-,41
1515,"16201","8600","3","","","","富山県","富山市","婦中町上轡田","",964,458,506,18,293
1516,"16201","860000","4","","","","富山県","富山市","婦中町上轡田","",746,359,387,15,223
1517,"16201","860001","4","","","","富山県","富山市","婦中町上轡田","希来里",218,99,119,3,70
1518,"16201","8610","2","","","","富山県","富山市","婦中町塚原","",264,105,159,-,71
1519,"16201","8620","2","","","","富山県","富山市","婦中町分田","",1225,614,611,20,485
1520,"16201","8630","2","","","","富山県","富山市","婦中町鵜坂","",668,334,334,1,240
1521,"16201","8641","2","","","","富山県","富山市","婦中町希望ヶ丘","",648,310,338,5,247
1522,"16201","8642","2","","","","富山県","富山市","婦中町羽根新","",336,170,166,1,117
1523,"16201","8650","2","","","","富山県","富山市","婦中町田島","",2372,1143,1229,18,967
1524,"16201","8660","2","","","","富山県","富山市","婦中町上田島","",301,148,153,-,117
1525,"16201","8670","2","","","","富山県","富山市","婦中町東本郷","",91,42,49,-,29
1526,"16201","8681","2","","","","富山県","富山市","婦中町島本郷","",-,-,-,-,-
1527,"16201","8682","3","","","","富山県","富山市","婦中町西本郷","",1225,635,590,26,428
1528,"16201","868200","4","","","","富山県","富山市","婦中町西本郷","",662,351,311,9,223
1529,"16201","868201","4","","","","富山県","富山市","婦中町西本郷","雇用促進",104,57,47,16,59
1530,"16201","868202","4","","","","富山県","富山市","婦中町西本郷","パークタウン",459,227,232,1,146
1531,"16201","8690","3","","","","富山県","富山市","婦中町宮ケ島","",797,372,425,10,315
1532,"16201","869000","4","","","","富山県","富山市","婦中町宮ケ島","",630,308,322,9,228
1533,"16201","869001","4","","","","富山県","富山市","婦中町宮ケ島","宮ヶ島団地",167,64,103,1,87
1534,"16201","8700","3","","","","富山県","富山市","婦中町下坂倉","",393,194,199,15,160
1535,"16201","870000","4","","","","富山県","富山市","婦中町下坂倉","",305,147,158,1,99
1536,"16201","870001","4","","","","富山県","富山市","婦中町下坂倉","雇用促進",88,47,41,14,61
1537,"16201","8710","2","","","","富山県","富山市","婦中町安田","",318,155,163,2,97
1538,"16201","8720","2","","","","富山県","富山市","婦中町小泉","",86,38,48,-,28
1539,"16201","8730","3","","","","富山県","富山市","婦中町下条","",338,170,168,2,107
1540,"16201","873000","4","","","","富山県","富山市","婦中町下条","下下条",203,97,106,1,65
1541,"16201","873001","4","","","","富山県","富山市","婦中町下条","上下条",135,73,62,1,42
1542,"16201","8740","3","","","","富山県","富山市","婦中町友坂","",616,295,321,-,220
1543,"16201","874000","4","","","","富山県","富山市","婦中町友坂","上友坂",214,110,104,-,89
1544,"16201","874001","4","","","","富山県","富山市","婦中町友坂","下友坂",289,137,152,-,94
1545,"16201","874002","4","","","","富山県","富山市","婦中町友坂","総野",113,48,65,-,37
1546,"16201","8750","3","","","","富山県","富山市","婦中町広田","",1024,513,511,24,333
1547,"16201","875001","4","","","","富山県","富山市","婦中町広田","一区",285,148,137,19,110
1548,"16201","875002","4","","","","富山県","富山市","婦中町広田","二区",211,104,107,-,66
1549,"16201","875003","4","","","","富山県","富山市","婦中町広田","三区",339,173,166,5,96
1550,"16201","875004","4","","","","富山県","富山市","婦中町広田","四区",189,88,101,-,61
1551,"16201","8760","2","","","","富山県","富山市","婦中町浜子","",252,133,119,-,86
1552,"16201","8770","2","","","","富山県","富山市","婦中町中島","",83,42,41,-,31
1553,"16201","8780","3","","","","富山県","富山市","婦中町余川","",93,45,48,-,28
1554,"16201","878000","4","","","","富山県","富山市","婦中町余川","余川東",26,13,13,-,9
1555,"16201","878001","4","","","","富山県","富山市","婦中町余川","余川西",67,32,35,-,19
1556,"16201","8790","2","","","","富山県","富山市","婦中町田屋","",220,102,118,-,75
1557,"16201","8800","2","","","","富山県","富山市","婦中町地角","",260,133,127,6,89
1558,"16201","8810","2","","","","富山県","富山市","婦中町新屋","",114,49,65,1,32
1559,"16201","8820","2","","","","富山県","富山市","婦中町横野","",54,27,27,-,18
1560,"16201","8830","2","","","","富山県","富山市","婦中町成子","",89,45,44,-,30
1561,"16201","8840","2","","","","富山県","富山市","婦中町中名","",598,290,308,1,224
1562,"16201","8850","2","","","","富山県","富山市","婦中町道場","",155,72,83,-,47
1563,"16201","8860","2","","","","富山県","富山市","婦中町下井沢","",213,108,105,8,73
1564,"16201","8870","2","","","","富山県","富山市","婦中町清水島","",66,33,33,1,23
1565,"16201","8880","2","","","","富山県","富山市","婦中町堀","",187,87,100,3,68
1566,"16201","8890","2","","","","富山県","富山市","婦中町道喜島","",18,8,10,-,8
1567,"16201","8900","2","","","","富山県","富山市","婦中町十五丁","",88,40,48,1,30
1568,"16201","8910","2","","","","富山県","富山市","婦中町為成新","",25,12,13,-,6
1569,"16201","8920","2","","","","富山県","富山市","婦中町青島","",22,8,14,-,7
1570,"16201","8930","2","","","","富山県","富山市","婦中町萩島","",383,163,220,5,97
1571,"16201","8940","2","","","","富山県","富山市","婦中町持田","",506,246,260,2,156
1572,"16201","8950","2","","","","富山県","富山市","婦中町添島","",248,109,139,16,96
1573,"16201","8960","2","","","","富山県","富山市","婦中町蔵島","",414,218,196,2,145
1574,"16201","8970","2","","","","富山県","富山市","婦中町ねむの木","",596,285,311,6,227
1575,"16201","8981","2","","","","富山県","富山市","婦中町長沢","",687,346,341,2,253
1576,"16201","8982","3","","","","富山県","富山市","婦中町長沢","",1331,652,679,15,482
1577,"16201","898200","4","","","","富山県","富山市","婦中町長沢","",1122,571,551,13,397
1578,"16201","898201","4","","","","富山県","富山市","婦中町長沢","長沢団地",209,81,128,2,85
1579,"16201","8990","2","","","","富山県","富山市","婦中町羽根","",934,398,536,5,253
1580,"16201","9000","2","","","","富山県","富山市","婦中町下邑","",141,69,72,-,48
1581,"16201","9010","2","","","","富山県","富山市","婦中町小長沢","",340,170,170,1,122
1582,"16201","9020","2","","","","富山県","富山市","婦中町新町","",794,319,475,-,107
1583,"16201","9030","2","合算地域あり","","9040","富山県","富山市","婦中町蓮花寺","",70,36,34,-,26
1584,"16201","9040","2","秘匿地域","9030","","富山県","富山市","婦中町高塚","",X,X,X,X,X
1585,"16201","9050","2","","","","富山県","富山市","婦中町宮ケ谷","",-,-,-,-,-
1586,"16201","9060","2","","","","富山県","富山市","婦中町下瀬","",81,40,41,-,33
1587,"16201","9070","3","","","","富山県","富山市","婦中町外輪野","",582,289,293,5,179
1588,"16201","907000","4","","","","富山県","富山市","婦中町外輪野","",121,57,64,-,37
1589,"16201","907001","4","","","","富山県","富山市","婦中町外輪野","大構",59,31,28,-,18
1590,"16201","907002","4","","","","富山県","富山市","婦中町外輪野","中保屋",169,85,84,1,52
1591,"16201","907003","4","","","","富山県","富山市","婦中町外輪野","扶養・外中・八下",103,50,53,-,34
1592,"16201","907004","4","","","","富山県","富山市","婦中町外輪野","三和・外南・西上",130,66,64,4,38
1593,"16201","9080","2","","","","富山県","富山市","婦中町上瀬","",34,17,17,-,11
1594,"16201","9090","2","","","","富山県","富山市","婦中町三瀬","",54,19,35,1,22
1595,"16201","9100","2","","","","富山県","富山市","婦中町道島","",111,53,58,1,35
1596,"16201","9110","2","","","","富山県","富山市","婦中町皆杓","",25,12,13,-,9
1597,"16201","9120","2","","","","富山県","富山市","婦中町牛滑","",67,33,34,1,17
1598,"16201","9130","2","","","","富山県","富山市","婦中町大瀬谷","",28,15,13,-,10
1599,"16201","9140","2","","","","富山県","富山市","婦中町葎原","",20,13,7,-,8
1600,"16201","9150","2","","","","富山県","富山市","婦中町鶚谷","",62,32,30,-,21
1601,"16201","9160","2","","","","富山県","富山市","婦中町吉谷","",59,29,30,-,18
1602,"16201","9170","2","","","","富山県","富山市","婦中町平等","",35,17,18,-,12
1603,"16201","9180","2","","","","富山県","富山市","婦中町吉住","",31,14,17,-,11
1604,"16201","9190","2","","","","富山県","富山市","婦中町東谷","",39,21,18,2,11
1605,"16201","9200","2","","","","富山県","富山市","婦中町東山","",12,6,6,-,6
1606,"16201","9210","2","","","","富山県","富山市","婦中町細谷","",16,9,7,1,10
1607,"16201","9220","3","","","","富山県","富山市","婦中町千里","",1450,706,744,11,496
1608,"16201","922000","4","","","","富山県","富山市","婦中町千里","",203,104,99,-,60
1609,"16201","922001","4","","","","富山県","富山市","婦中町千里","南部",171,91,80,8,63
1610,"16201","922002","4","","","","富山県","富山市","婦中町千里","北部",477,229,248,1,166
1611,"16201","922003","4","","","","富山県","富山市","婦中町千里","東部",484,228,256,-,164
1612,"16201","922004","4","","","","富山県","富山市","婦中町千里","グリーンハイツ",115,54,61,2,43
1613,"16201","9230","2","","","","富山県","富山市","婦中町小倉","",388,189,199,1,131
1614,"16201","9240","2","","","","富山県","富山市","婦中町熊野道","",71,39,32,2,21
1615,"16201","9250","2","","","","富山県","富山市","婦中町島田","",108,54,54,-,39
1616,"16201","9260","2","","","","富山県","富山市","婦中町上井沢","",164,80,84,-,56
1617,"16201","9270","3","","","","富山県","富山市","婦中町高日附","",675,326,349,7,223
1618,"16201","927000","4","","","","富山県","富山市","婦中町高日附","",499,251,248,7,163
1619,"16201","927001","4","","","","富山県","富山市","婦中町高日附","学園台",176,75,101,-,60
1620,"16201","9280","2","","","","富山県","富山市","婦中町富崎","",410,207,203,2,135
1621,"16201","9290","2","","","","富山県","富山市","婦中町河原町","",196,102,94,-,65
1622,"16201","9300","3","","","","富山県","富山市","婦中町上吉川","",556,265,291,3,190
1623,"16201","930000","4","","","","富山県","富山市","婦中町上吉川","",419,203,216,3,139
1624,"16201","930001","4","","","","富山県","富山市","婦中町上吉川","ニュータウン",137,62,75,-,51
1625,"16201","9310","2","","","","富山県","富山市","婦中町下吉川","",416,205,211,1,136
1626,"16201","9320","2","","","","富山県","富山市","婦中町富川","",133,68,65,-,40
1627,"16201","9330","2","","","","富山県","富山市","山田沼又","",35,19,16,-,12
1628,"16201","9340","2","","","","富山県","富山市","山田牧","",19,13,6,-,7
1629,"16201","9350","2","","","","富山県","富山市","山田白井谷","",37,18,19,-,12
1630,"16201","9360","3","","","","富山県","富山市","山田小島","",142,69,73,-,57
1631,"16201","936000","4","","","","富山県","富山市","山田小島","小島",101,48,53,-,38
1632,"16201","936001","4","","","","富山県","富山市","山田小島","城山",41,21,20,-,19
1633,"16201","9380","3","","","","富山県","富山市","山田中瀬","",186,91,95,-,66
1634,"16201","938000","4","","","","富山県","富山市","山田中瀬","中瀬",61,30,31,-,22
1635,"16201","938001","4","","","","富山県","富山市","山田中瀬","上中瀬",72,36,36,-,22
1636,"16201","938002","4","","","","富山県","富山市","山田中瀬","竹の内",53,25,28,-,22
1637,"16201","9390","3","","","","富山県","富山市","山田宿坊","",264,135,129,-,58
1638,"16201","939001","4","","","","富山県","富山市","山田宿坊","大山",60,36,24,-,1
1639,"16201","939002","4","","","","富山県","富山市","山田宿坊","沢連",78,39,39,-,24
1640,"16201","939003","4","","","","富山県","富山市","山田宿坊","柳川",32,18,14,-,11
1641,"16201","939004","4","","","","富山県","富山市","山田宿坊","宿坊",94,42,52,-,22
1642,"16201","9450","2","","","","富山県","富山市","山田中村","",200,95,105,-,57
1643,"16201","9460","2","","","","富山県","富山市","山田清水","",75,38,37,-,24
1644,"16201","9470","2","","","","富山県","富山市","山田今山田","",30,13,17,-,9
1645,"16201","9480","2","","","","富山県","富山市","山田赤目谷","",55,28,27,1,17
1646,"16201","9490","2","","","","富山県","富山市","山田鎌倉","",59,31,28,1,19
1647,"16201","9500","2","","","","富山県","富山市","山田湯","",131,55,76,-,39
1648,"16201","9510","2","合算地域あり","","8380;8400;8430;8440;9520","富山県","富山市","山田若土","",86,40,46,-,35
1649,"16201","9520","2","秘匿地域","9510","","富山県","富山市","山田高清水","",X,X,X,X,X
1650,"16201","9530","2","","","","富山県","富山市","西笹津","",51,29,22,-,19
1651,"16201","9540","2","","","","富山県","富山市","岩稲","",75,50,25,-,18
1652,"16201","9550","2","","","","富山県","富山市","割山","",-,-,-,-,-
1653,"16201","9560","3","","","","富山県","富山市","楡原","",695,332,363,4,249
1654,"16201","956000","4","","","","富山県","富山市","楡原","",455,219,236,2,155
1655,"16201","956001","4","","","","富山県","富山市","楡原","一区",37,18,19,-,13
1656,"16201","956002","4","","","","富山県","富山市","楡原","高田",141,61,80,1,59
1657,"16201","956003","4","","","","富山県","富山市","楡原","三区",62,34,28,1,22
1658,"16201","9570","2","","","","富山県","富山市","庵谷","",93,46,47,-,38
1659,"16201","9580","2","","","","富山県","富山市","片掛","",64,32,32,-,22
1660,"16201","9590","2","","","","富山県","富山市","猪谷","",173,81,92,3,68
1661,"16201","9600","2","","","","富山県","富山市","蟹寺","",27,12,15,-,13
1662,"16201","9610","2","","","","富山県","富山市","加賀沢","",-,-,-,-,-
1663,"16201","9620","2","","","","富山県","富山市","堀川本郷","",1027,517,510,5,301
1664,"16201","9630","2","","","","富山県","富山市","中冨居新町","",317,155,162,3,137
1665,"16201","9640","3","","","","富山県","富山市","つばめ野","",1036,540,496,8,293
1666,"16201","964001","4","","","","富山県","富山市","つばめ野","一丁目",456,230,226,8,128
1667,"16201","964002","4","","","","富山県","富山市","つばめ野","二丁目",222,116,106,-,68
1668,"16201","964003","4","","","","富山県","富山市","つばめ野","三丁目",358,194,164,-,97
1669,"16201","9650","2","","","","富山県","富山市","下新日曹町","",-,-,-,-,-
1670,"16201","9660","2","","","","富山県","富山市","婦中町響の杜","",941,461,480,8,283
1671,"16201","9670","2","","","","富山県","富山市","婦中町西ヶ丘","",814,401,413,3,238
1672,"16201","9680","2","","","","富山県","富山市","婦中町夢ヶ丘","",726,348,378,1,199
1673,"16201","9690","2","","","","富山県","富山市","経堂新町","",840,428,412,39,260
1674,"16202","-","1","","","","富山県","高岡市","","",166393,80482,85911,2986,65586
1675,"16202","0010","2","","","","富山県","高岡市","赤祖父","",1889,993,896,21,856
1676,"16202","0030","2","","","","富山県","高岡市","明園町","",682,327,355,10,307
1677,"16202","0040","2","","","","富山県","高岡市","明野町","",195,89,106,6,89
1678,"16202","0060","3","","","","富山県","高岡市","麻生谷","",329,166,163,1,91
1679,"16202","006001","4","","","","富山県","高岡市","麻生谷","",272,134,138,1,90
1680,"16202","006002","4","","","","富山県","高岡市","麻生谷","新生園",57,32,25,-,1
1681,"16202","0070","2","","","","富山県","高岡市","荒見崎","",228,108,120,-,73
1682,"16202","0080","2","","","","富山県","高岡市","荒屋敷","",508,258,250,24,185
1683,"16202","0090","2","","","","富山県","高岡市","あわら町","",572,267,305,3,262
1684,"16202","0100","2","","","","富山県","高岡市","五十辺","",46,20,26,-,13
1685,"16202","0110","3","","","","富山県","高岡市","五十里","",643,305,338,-,193
1686,"16202","011001","4","","","","富山県","高岡市","五十里","",205,96,109,-,50
1687,"16202","011002","4","","","","富山県","高岡市","五十里","板屋",140,71,69,-,50
1688,"16202","011003","4","","","","富山県","高岡市","五十里","道重",83,37,46,-,25
1689,"16202","011004","4","","","","富山県","高岡市","五十里","百橋",215,101,114,-,68
1690,"16202","0120","2","","","","富山県","高岡市","五十里西町","",230,120,110,-,95
1691,"16202","0130","2","","","","富山県","高岡市","五十里東町","",476,225,251,2,174
1692,"16202","0140","3","","","","富山県","高岡市","井口本江","",1558,742,816,31,654
1693,"16202","014001","4","","","","富山県","高岡市","井口本江","",1459,695,764,31,608
1694,"16202","014002","4","","","","富山県","高岡市","井口本江","高園町",99,47,52,-,46
1695,"16202","0150","2","","","","富山県","高岡市","池田","",151,89,62,24,65
1696,"16202","0160","3","","","","富山県","高岡市","石瀬","",3699,1793,1906,91,1560
1697,"16202","016001","4","","","","富山県","高岡市","石瀬","上石瀬",953,444,509,23,332
1698,"16202","016002","4","","","","富山県","高岡市","石瀬","下石瀬",1642,803,839,43,736
1699,"16202","016003","4","","","","富山県","高岡市","石瀬","美原町",411,206,205,4,193
1700,"16202","016004","4","","","","富山県","高岡市","石瀬","石瀬東町",251,133,118,8,118
1701,"16202","016005","4","","","","富山県","高岡市","石瀬","石瀬中町",130,68,62,12,54
1702,"16202","016006","4","","","","富山県","高岡市","石瀬","石瀬本町",312,139,173,1,127
1703,"16202","0170","2","","","","富山県","高岡市","石堤","",334,178,156,1,101
1704,"16202","0180","2","","","","富山県","高岡市","石塚","",125,59,66,-,47
1705,"16202","0190","2","","","","富山県","高岡市","石丸","",24,15,9,-,10
1706,"16202","0200","3","","","","富山県","高岡市","泉が丘","",952,437,515,5,363
1707,"16202","020001","4","","","","富山県","高岡市","泉が丘","泉が丘一区",196,90,106,5,76
1708,"16202","020002","4","","","","富山県","高岡市","泉が丘","泉が丘二区",269,124,145,-,104
1709,"16202","020003","4","","","","富山県","高岡市","泉が丘","泉が丘三区",273,122,151,-,104
1710,"16202","020004","4","","","","富山県","高岡市","泉が丘","泉が丘四区",214,101,113,-,79
1711,"16202","0210","2","","","","富山県","高岡市","泉町","",592,279,313,6,234
1712,"16202","0220","2","","","","富山県","高岡市","一番町","",39,18,21,-,17
1713,"16202","0230","2","","","","富山県","高岡市","今泉","",140,65,75,-,53
1714,"16202","0240","2","","","","富山県","高岡市","今泉新","",40,21,19,-,13
1715,"16202","0250","2","","","","富山県","高岡市","三ケ","",131,63,68,3,42
1716,"16202","0260","2","","","","富山県","高岡市","岩坪","",542,267,275,8,181
1717,"16202","0270","3","","","","富山県","高岡市","内島","",329,167,162,16,115
1718,"16202","027001","4","","","","富山県","高岡市","内島","",229,119,110,14,77
1719,"16202","027002","4","","","","富山県","高岡市","内島","西園町",100,48,52,2,38
1720,"16202","0280","2","","","","富山県","高岡市","永楽町","",661,319,342,5,251
1721,"16202","0290","3","","","","富山県","高岡市","駅南","",1726,852,874,29,879
1722,"16202","029001","4","","","","富山県","高岡市","駅南","一丁目",267,134,133,-,171
1723,"16202","029002","4","","","","富山県","高岡市","駅南","二丁目",171,84,87,4,83
1724,"16202","029003","4","","","","富山県","高岡市","駅南","三丁目",635,300,335,10,267
1725,"16202","029004","4","","","","富山県","高岡市","駅南","四丁目",381,200,181,8,206
1726,"16202","029005","4","","","","富山県","高岡市","駅南","五丁目",272,134,138,7,152
1727,"16202","0301","2","","","","富山県","高岡市","江尻白山町","",123,55,68,2,45
1728,"16202","0302","3","","","","富山県","高岡市","江尻","",2294,1111,1183,34,1007
1729,"16202","030201","4","","","","富山県","高岡市","江尻","",551,273,278,6,210
1730,"16202","030202","4","","","","富山県","高岡市","江尻","春日丘",127,59,68,3,59
1731,"16202","030203","4","","","","富山県","高岡市","江尻","鶴寄町",166,84,82,7,78
1732,"16202","030204","4","","","","富山県","高岡市","江尻","青葉町",400,207,193,5,194
1733,"16202","030205","4","","","","富山県","高岡市","江尻","旭ケ丘",659,312,347,4,310
1734,"16202","030206","4","","","","富山県","高岡市","江尻","高伏町",329,146,183,5,132
1735,"16202","030207","4","","","","富山県","高岡市","江尻","江尻新町",62,30,32,4,24
1736,"16202","0320","3","","","","富山県","高岡市","扇町","",154,76,78,1,55
1737,"16202","032001","4","","","","富山県","高岡市","扇町","一丁目",98,48,50,1,38
1738,"16202","032002","4","","","","富山県","高岡市","扇町","二丁目",56,28,28,-,17
1739,"16202","0330","3","","","","富山県","高岡市","太田","",2219,1006,1213,6,721
1740,"16202","033001","4","","","","富山県","高岡市","太田","太田伊勢領",528,264,264,-,173
1741,"16202","033002","4","","","","富山県","高岡市","太田","太田中村東部",164,77,87,-,59
1742,"16202","033003","4","","","","富山県","高岡市","太田","太田中村西部",162,80,82,-,53
1743,"16202","033004","4","","","","富山県","高岡市","太田","太田渋谷",188,87,101,1,69
1744,"16202","033005","4","","","","富山県","高岡市","太田","太田辰ノ口西部",143,68,75,-,48
1745,"16202","033006","4","","","","富山県","高岡市","太田","太田辰ノ口北部",97,45,52,-,37
1746,"16202","033007","4","","","","富山県","高岡市","太田","太田旦保",75,36,39,-,26
1747,"16202","033008","4","","","","富山県","高岡市","太田","太田山岸",233,85,148,1,56
1748,"16202","033009","4","","","","富山県","高岡市","太田","太田辰ノ口東部第一",97,50,47,-,36
1749,"16202","033010","4","","","","富山県","高岡市","太田","太田辰ノ口東部第二",37,17,20,-,14
1750,"16202","033011","4","","","","富山県","高岡市","太田","太田辰ノ口南部",170,52,118,1,32
1751,"16202","033012","4","","","","富山県","高岡市","太田","雨晴西部",56,27,29,-,19
1752,"16202","033013","4","","","","富山県","高岡市","太田","雨晴中部",37,16,21,1,18
1753,"16202","033014","4","","","","富山県","高岡市","太田","雨晴東部",20,10,10,-,8
1754,"16202","033015","4","","","","富山県","高岡市","太田","太田辰ノ口中部",90,35,55,-,26
1755,"16202","033016","4","","","","富山県","高岡市","太田","谷内",122,57,65,2,47
1756,"16202","0350","3","","","","富山県","高岡市","大坪町","",1117,527,590,39,487
1757,"16202","035001","4","","","","富山県","高岡市","大坪町","一丁目",384,165,219,8,137
1758,"16202","035002","4","","","","富山県","高岡市","大坪町","二丁目",201,96,105,10,110
1759,"16202","035003","4","","","","富山県","高岡市","大坪町","三丁目",516,259,257,21,234
1760,"16202","035004","4","","","","富山県","高岡市","大坪町","四丁目",16,7,9,-,6
1761,"16202","0360","2","","","","富山県","高岡市","大手町","",661,299,362,6,305
1762,"16202","0370","3","","","","富山県","高岡市","大野","",1012,503,509,20,474
1763,"16202","037001","4","","","","富山県","高岡市","大野","",302,141,161,4,129
1764,"16202","037002","4","","","","富山県","高岡市","大野","南田町",58,31,27,-,19
1765,"16202","037003","4","","","","富山県","高岡市","大野","前田町",652,331,321,16,326
1766,"16202","0380","2","","","","富山県","高岡市","大町","",647,298,349,9,286
1767,"16202","0390","2","","","","富山県","高岡市","大鋸屋町","",91,46,45,4,43
1768,"16202","0400","2","","","","富山県","高岡市","荻布","",978,497,481,8,396
1769,"16202","0410","2","","","","富山県","高岡市","荻布新町","",234,122,112,14,124
1770,"16202","0420","3","","","","富山県","高岡市","御旅屋町","",173,84,89,1,81
1771,"16202","042001","4","","","","富山県","高岡市","御旅屋町","御旅屋町",125,65,60,1,55
1772,"16202","042006","4","","","","富山県","高岡市","御旅屋町","桐木町",48,19,29,-,26
1773,"16202","042007","4","","","","富山県","高岡市","御旅屋町","大福院",-,-,-,-,-
1774,"16202","0430","2","","","","富山県","高岡市","小竹","",241,122,119,1,73
1775,"16202","0440","2","","","","富山県","高岡市","御馬出町","",53,23,30,-,25
1776,"16202","0451","2","","","","富山県","高岡市","開発本町","",430,203,227,1,169
1777,"16202","0452","2","","","","富山県","高岡市","開発本町","",9,4,5,-,4
1778,"16202","0480","2","","","","富山県","高岡市","片原中島町","",13,8,5,-,7
1779,"16202","0490","3","","","","富山県","高岡市","片原町","",111,52,59,1,47
1780,"16202","049001","4","","","","富山県","高岡市","片原町","片原町",80,41,39,1,35
1781,"16202","049002","4","","","","富山県","高岡市","片原町","高片原町",31,11,20,-,12
1782,"16202","0500","2","","","","富山県","高岡市","片原横町","",39,21,18,-,23
1783,"16202","0510","2","","","","富山県","高岡市","金屋","",336,177,159,8,137
1784,"16202","0520","2","","","","富山県","高岡市","金屋本町","",71,35,36,-,34
1785,"16202","0530","2","","","","富山県","高岡市","金屋町","",427,195,232,-,162
1786,"16202","0540","2","","","","富山県","高岡市","鐘紡町","",770,367,403,6,312
1787,"16202","0550","2","","","","富山県","高岡市","上麻生","",162,68,94,8,54
1788,"16202","0560","2","","","","富山県","高岡市","上開発","",123,64,59,5,38
1789,"16202","0580","3","","","","富山県","高岡市","上黒田","",410,194,216,5,152
1790,"16202","058001","4","","","","富山県","高岡市","上黒田","",158,74,84,-,50
1791,"16202","058002","4","","","","富山県","高岡市","上黒田","黒田新町",252,120,132,5,102
1792,"16202","0600","3","","","","富山県","高岡市","上関","",297,148,149,5,161
1793,"16202","060001","4","秘匿地域","1440","","富山県","高岡市","上関","",X,X,X,X,X
1794,"16202","060002","4","","","","富山県","高岡市","上関","上関二区",297,148,149,5,161
1795,"16202","0610","2","","","","富山県","高岡市","上関町","",590,298,292,2,257
1796,"16202","0630","2","","","","富山県","高岡市","上伏間江","",76,39,37,1,24
1797,"16202","0640","3","","","","富山県","高岡市","上牧野","",1056,515,541,34,353
1798,"16202","064001","4","","","","富山県","高岡市","上牧野","",584,285,299,31,181
1799,"16202","064002","4","","","","富山県","高岡市","上牧野","若葉町",472,230,242,3,172
1800,"16202","0650","2","","","","富山県","高岡市","上四屋","",103,50,53,-,42
1801,"16202","0660","2","","","","富山県","高岡市","上渡","",300,122,178,1,131
1802,"16202","0680","3","","","","富山県","高岡市","鴨島町","",187,87,100,-,79
1803,"16202","068001","4","","","","富山県","高岡市","鴨島町","",125,58,67,-,51
1804,"16202","068002","4","","","","富山県","高岡市","鴨島町","鴨島町一区",62,29,33,-,28
1805,"16202","0690","2","","","","富山県","高岡市","川原本町","",440,210,230,-,191
1806,"16202","0700","2","","","","富山県","高岡市","川原町","",567,249,318,1,235
1807,"16202","0710","2","","","","富山県","高岡市","神田新町","",100,45,55,44,51
1808,"16202","0720","2","","","","富山県","高岡市","神主町","",272,130,142,1,110
1809,"16202","0730","3","","","","富山県","高岡市","京田","",1693,770,923,29,703
1810,"16202","073000","4","","","","富山県","高岡市","京田","",214,95,119,2,99
1811,"16202","073001","4","","","","富山県","高岡市","京田","",1479,675,804,27,604
1812,"16202","0740","2","","","","富山県","高岡市","京町","",853,417,436,18,300
1813,"16202","0750","2","","","","富山県","高岡市","北蔵新","",93,54,39,2,28
1814,"16202","0760","3","","","","富山県","高岡市","北島","",1490,753,737,107,602
1815,"16202","076001","4","","","","富山県","高岡市","北島","",555,271,284,1,177
1816,"16202","076002","4","","","","富山県","高岡市","北島","松原町",77,38,39,2,36
1817,"16202","076003","4","","","","富山県","高岡市","北島","若富町",146,75,71,-,52
1818,"16202","076004","4","","","","富山県","高岡市","北島","上北島",712,369,343,104,337
1819,"16202","0770","3","","","","富山県","高岡市","木津","",5591,2701,2890,104,2191
1820,"16202","077001","4","","","","富山県","高岡市","木津","",92,47,45,1,33
1821,"16202","077002","4","","","","富山県","高岡市","木津","木津新",623,308,315,46,246
1822,"16202","077003","4","","","","富山県","高岡市","木津","南星町",2907,1398,1509,35,1211
1823,"16202","077004","4","","","","富山県","高岡市","木津","木津仲町",181,81,100,-,79
1824,"16202","077005","4","","","","富山県","高岡市","木津","若木町",144,72,72,10,59
1825,"16202","077006","4","","","","富山県","高岡市","木津","東木津",198,84,114,-,78
1826,"16202","077007","4","","","","富山県","高岡市","木津","第一木津",198,94,104,2,66
1827,"16202","077008","4","","","","富山県","高岡市","木津","第二木津",535,272,263,8,208
1828,"16202","077009","4","","","","富山県","高岡市","木津","木津の庄",713,345,368,2,211
1829,"16202","0780","2","","","","富山県","高岡市","木舟町","",86,37,49,-,40
1830,"16202","0791","2","","","","富山県","高岡市","木町","",322,155,167,14,135
1831,"16202","0792","2","","","","富山県","高岡市","木町","",26,16,10,-,20
1832,"16202","0800","3","","","","富山県","高岡市","国吉","",384,189,195,14,125
1833,"16202","080001","4","","","","富山県","高岡市","国吉","",152,69,83,2,44
1834,"16202","080002","4","","","","富山県","高岡市","国吉","手洗野",221,115,106,12,77
1835,"16202","080003","4","","","","富山県","高岡市","国吉","上八ケ新",11,5,6,-,4
1836,"16202","0810","2","","","","富山県","高岡市","熊野町","",344,163,181,8,137
1837,"16202","0820","2","","","","富山県","高岡市","蔵野町","",357,141,216,1,74
1838,"16202","0830","2","","","","富山県","高岡市","源平町","",61,25,36,-,29
1839,"16202","0840","2","","","","富山県","高岡市","小泉新","",29,14,15,-,9
1840,"16202","0850","2","","","","富山県","高岡市","高陵町","",480,221,259,4,192
1841,"16202","0860","2","","","","富山県","高岡市","古城","",-,-,-,-,-
1842,"16202","0870","2","","","","富山県","高岡市","駒方","",97,47,50,1,34
1843,"16202","0890","2","","","","富山県","高岡市","小馬出町","",88,44,44,-,45
1844,"16202","0900","2","","","","富山県","高岡市","五福町","",762,351,411,27,333
1845,"16202","0920","2","","","","富山県","高岡市","西田","",179,86,93,-,52
1846,"16202","0930","2","","","","富山県","高岡市","境","",100,54,46,-,35
1847,"16202","0940","2","","","","富山県","高岡市","坂下町","",91,45,46,-,41
1848,"16202","0950","3","","","","富山県","高岡市","佐加野","",1198,566,632,29,458
1849,"16202","095001","4","","","","富山県","高岡市","佐加野","",941,441,500,25,353
1850,"16202","095002","4","","","","富山県","高岡市","佐加野","佐加野新町",257,125,132,4,105
1851,"16202","0960","3","","","","富山県","高岡市","笹川","",208,102,106,2,67
1852,"16202","096001","4","","","","富山県","高岡市","笹川","笹川第八",95,49,46,-,28
1853,"16202","096002","4","","","","富山県","高岡市","笹川","笹川第九",88,40,48,-,28
1854,"16202","096003","4","","","","富山県","高岡市","笹川","",25,13,12,2,11
1855,"16202","0970","2","","","","富山県","高岡市","笹八口","",85,44,41,1,25
1856,"16202","0980","3","","","","富山県","高岡市","佐野","",2033,953,1080,24,684
1857,"16202","098001","4","","","","富山県","高岡市","佐野","若水町",94,39,55,3,36
1858,"16202","098002","4","","","","富山県","高岡市","佐野","若水町",153,73,80,2,61
1859,"16202","098003","4","","","","富山県","高岡市","佐野","上佐野",247,125,122,1,88
1860,"16202","098004","4","","","","富山県","高岡市","佐野","諏訪佐野",165,77,88,-,50
1861,"16202","098005","4","合算地域あり","","098011","富山県","高岡市","佐野","下佐野",393,174,219,4,134
1862,"16202","098006","4","","","","富山県","高岡市","佐野","西佐野",157,82,75,1,47
1863,"16202","098007","4","","","","富山県","高岡市","佐野","佐野新町",247,121,126,10,90
1864,"16202","098008","4","","","","富山県","高岡市","佐野","美川町",196,87,109,-,77
1865,"16202","098009","4","","","","富山県","高岡市","佐野","佐野本町一区",304,144,160,3,75
1866,"16202","098010","4","","","","富山県","高岡市","佐野","佐野本町二区",77,31,46,-,26
1867,"16202","098011","4","秘匿地域","098005","","富山県","高岡市","佐野","",X,X,X,X,X
1868,"16202","0990","2","","","","富山県","高岡市","山下","",33,17,16,-,9
1869,"16202","1000","2","","","","富山県","高岡市","今市","",107,50,57,-,29
1870,"16202","1010","2","","","","富山県","高岡市","三番町","",58,25,33,-,23
1871,"16202","1020","2","","","","富山県","高岡市","三女子","",741,384,357,16,314
1872,"16202","1040","3","","","","富山県","高岡市","守護町","",992,467,525,7,446
1873,"16202","104001","4","","","","富山県","高岡市","守護町","一丁目",586,284,302,3,217
1874,"16202","104002","4","","","","富山県","高岡市","守護町","二丁目",406,183,223,4,229
1875,"16202","1060","3","","","","富山県","高岡市","昭和町","",243,123,120,1,122
1876,"16202","106001","4","","","","富山県","高岡市","昭和町","一丁目",139,68,71,-,66
1877,"16202","106002","4","","","","富山県","高岡市","昭和町","二丁目",74,39,35,1,43
1878,"16202","106003","4","","","","富山県","高岡市","昭和町","三丁目",30,16,14,-,13
1879,"16202","1080","3","","","","富山県","高岡市","柴野","",207,92,115,-,64
1880,"16202","108001","4","","","","富山県","高岡市","柴野","",135,63,72,-,41
1881,"16202","108002","4","","","","富山県","高岡市","柴野","十日市",72,29,43,-,23
1882,"16202","1090","3","","","","富山県","高岡市","柴野内島","",392,202,190,33,171
1883,"16202","109001","4","","","","富山県","高岡市","柴野内島","",303,158,145,33,141
1884,"16202","109002","4","","","","富山県","高岡市","柴野内島","柴園町",89,44,45,-,30
1885,"16202","1110","2","","","","富山県","高岡市","島崎","",25,9,16,-,12
1886,"16202","1120","2","","","","富山県","高岡市","島新","",39,19,20,1,15
1887,"16202","1130","3","","","","富山県","高岡市","清水町","",1640,787,853,22,815
1888,"16202","113001","4","","","","富山県","高岡市","清水町","一丁目",399,191,208,7,165
1889,"16202","113002","4","","","","富山県","高岡市","清水町","二丁目",654,310,344,3,295
1890,"16202","113003","4","","","","富山県","高岡市","清水町","三丁目",587,286,301,12,355
1891,"16202","1140","3","","","","富山県","高岡市","下麻生","",1003,496,507,16,322
1892,"16202","114001","4","","","","富山県","高岡市","下麻生","",19,8,11,-,7
1893,"16202","114002","4","","","","富山県","高岡市","下麻生","下代",320,167,153,7,88
1894,"16202","114003","4","","","","富山県","高岡市","下麻生","麻生",664,321,343,9,227
1895,"16202","1150","3","","","","富山県","高岡市","下麻生伸町","",1084,543,541,9,397
1896,"16202","115001","4","","","","富山県","高岡市","下麻生伸町","中田団地一区",336,171,165,5,125
1897,"16202","115002","4","","","","富山県","高岡市","下麻生伸町","中田団地二区",240,114,126,2,82
1898,"16202","115003","4","","","","富山県","高岡市","下麻生伸町","中田団地三区",297,151,146,2,111
1899,"16202","115004","4","","","","富山県","高岡市","下麻生伸町","中田団地四区",211,107,104,-,79
1900,"16202","1190","3","","","","富山県","高岡市","下黒田","",756,377,379,22,313
1901,"16202","119001","4","","","","富山県","高岡市","下黒田","",344,171,173,4,118
1902,"16202","119002","4","","","","富山県","高岡市","下黒田","市場通り",412,206,206,18,195
1903,"16202","1200","2","","","","富山県","高岡市","下島町","",224,109,115,2,79
1904,"16202","1220","2","","","","富山県","高岡市","下関町","",71,36,35,2,43
1905,"16202","1250","3","","","","富山県","高岡市","下伏間江","",540,268,272,3,212
1906,"16202","125000","4","","","","富山県","高岡市","下伏間江","",395,191,204,2,151
1907,"16202","125001","4","","","","富山県","高岡市","下伏間江","",-,-,-,-,-
1908,"16202","125002","4","","","","富山県","高岡市","下伏間江","明和町",145,77,68,1,61
1909,"16202","1260","3","","","","富山県","高岡市","下牧野","",2335,1146,1189,59,853
1910,"16202","126001","4","","","","富山県","高岡市","下牧野","下牧野第一",527,270,257,14,186
1911,"16202","126002","4","","","","富山県","高岡市","下牧野","下牧野第二",635,299,336,30,243
1912,"16202","126003","4","","","","富山県","高岡市","下牧野","下牧野第三",690,340,350,5,254
1913,"16202","126004","4","","","","富山県","高岡市","下牧野","下牧野第四",483,237,246,10,170
1914,"16202","1270","2","","","","富山県","高岡市","下山田","",92,42,50,-,27
1915,"16202","1280","2","","","","富山県","高岡市","白銀町","",16,6,10,-,6
1916,"16202","1290","2","","","","富山県","高岡市","白金町","",453,208,245,2,192
1917,"16202","1300","2","","","","富山県","高岡市","新成町","",156,73,83,-,89
1918,"16202","1310","2","","","","富山県","高岡市","新寺町","",93,44,49,-,35
1919,"16202","1320","2","","","","富山県","高岡市","新横町","",53,25,28,1,29
1920,"16202","1330","2","","","","富山県","高岡市","十二町島","",100,46,54,1,34
1921,"16202","1340","2","合算地域あり","","253002","富山県","高岡市","城光寺","",172,82,90,2,67
1922,"16202","1350","2","","","","富山県","高岡市","定塚","",212,93,119,-,88
1923,"16202","1361","2","","","","富山県","高岡市","定塚町","",418,200,218,8,203
1924,"16202","1362","3","","","","富山県","高岡市","定塚町","",55,27,28,3,28
1925,"16202","136201","4","","","","富山県","高岡市","定塚町","定塚町一丁目",26,12,14,1,11
1926,"16202","136202","4","","","","富山県","高岡市","定塚町","大仏町",29,15,14,2,17
1927,"16202","1370","3","","","","富山県","高岡市","城東","",1154,540,614,44,486
1928,"16202","137001","4","","","","富山県","高岡市","城東","一丁目",786,362,424,9,353
1929,"16202","137002","4","","","","富山県","高岡市","城東","二丁目",368,178,190,35,133
1930,"16202","1380","2","","","","富山県","高岡市","地子木町","",44,26,18,1,18
1931,"16202","1391","2","合算地域あり","","2830","富山県","高岡市","末広町","",731,330,401,11,368
1932,"16202","1392","3","","","","富山県","高岡市","末広町","",64,32,32,1,25
1933,"16202","139201","4","秘匿地域","139202","","富山県","高岡市","末広町","末広町一区",X,X,X,X,X
1934,"16202","139202","4","合算地域あり","","139201;3620","富山県","高岡市","末広町","末広町二区",64,32,32,1,25
1935,"16202","1400","2","","","","富山県","高岡市","須田","",87,39,48,-,30
1936,"16202","1410","2","","","","富山県","高岡市","関","",-,-,-,-,-
1937,"16202","1420","2","","","","富山県","高岡市","関大町","",305,153,152,14,172
1938,"16202","1430","2","","","","富山県","高岡市","関本町","",123,60,63,-,49
1939,"16202","1440","2","合算地域あり","","060001","富山県","高岡市","関町","",164,84,80,2,76
1940,"16202","1450","2","","","","富山県","高岡市","千木屋町","",25,11,14,-,9
1941,"16202","1460","2","","","","富山県","高岡市","千石町","",642,315,327,23,272
1942,"16202","1490","2","","","","富山県","高岡市","高辻","",18,10,8,-,7
1943,"16202","1500","2","","","","富山県","高岡市","高美町","",370,170,200,12,156
1944,"16202","1510","2","","","","富山県","高岡市","宝町","",328,155,173,3,162
1945,"16202","1520","2","","","","富山県","高岡市","滝","",101,44,57,1,29
1946,"16202","1530","2","","","","富山県","高岡市","滝新","",101,56,45,-,20
1947,"16202","1541","3","","","","富山県","高岡市","立野美鳥町","",684,338,346,7,245
1948,"16202","154101","4","","","","富山県","高岡市","立野美鳥町","一丁目",320,150,170,-,118
1949,"16202","154102","4","","","","富山県","高岡市","立野美鳥町","二丁目",219,113,106,3,74
1950,"16202","154103","4","","","","富山県","高岡市","立野美鳥町","三丁目",145,75,70,4,53
1951,"16202","1542","2","","","","富山県","高岡市","平成町","",74,34,40,3,26
1952,"16202","1543","3","","","","富山県","高岡市","立野","",1416,681,735,20,528
1953,"16202","154301","4","","","","富山県","高岡市","立野","天目町",34,13,21,1,12
1954,"16202","154302","4","","","","富山県","高岡市","立野","立野寺町",62,28,34,-,23
1955,"16202","154303","4","","","","富山県","高岡市","立野","御宝町",78,42,36,-,22
1956,"16202","154304","4","","","","富山県","高岡市","立野","橋番町",68,28,40,-,27
1957,"16202","154305","4","","","","富山県","高岡市","立野","平和町",77,39,38,3,44
1958,"16202","154306","4","","","","富山県","高岡市","立野","高札町",37,16,21,-,16
1959,"16202","154307","4","","","","富山県","高岡市","立野","御蔵町",78,37,41,-,27
1960,"16202","154308","4","","","","富山県","高岡市","立野","舘町",151,77,74,6,54
1961,"16202","154309","4","","","","富山県","高岡市","立野","鍛冶屋町",86,44,42,2,31
1962,"16202","154310","4","","","","富山県","高岡市","立野","八軒町",96,48,48,-,38
1963,"16202","154311","4","","","","富山県","高岡市","立野","栄町",284,127,157,-,96
1964,"16202","154312","4","","","","富山県","高岡市","立野","高池町",284,134,150,4,102
1965,"16202","154313","4","","","","富山県","高岡市","立野","",81,48,33,4,36
1966,"16202","1570","2","","","","富山県","高岡市","大工中町","",70,35,35,-,35
1967,"16202","1590","3","","","","富山県","高岡市","大源寺","",446,227,219,-,140
1968,"16202","159001","4","","","","富山県","高岡市","大源寺","",208,109,99,-,52
1969,"16202","159002","4","","","","富山県","高岡市","大源寺","大源寺新町",238,118,120,-,88
1970,"16202","1600","3","","","","富山県","高岡市","醍醐","",967,440,527,5,277
1971,"16202","160001","4","","","","富山県","高岡市","醍醐","醍醐横越上",166,87,79,1,48
1972,"16202","160002","4","","","","富山県","高岡市","醍醐","醍醐横越下",192,99,93,2,67
1973,"16202","160003","4","","","","富山県","高岡市","醍醐","醍醐油屋",163,74,89,-,44
1974,"16202","160004","4","","","","富山県","高岡市","醍醐","醍醐後正寺",144,35,109,-,20
1975,"16202","160005","4","","","","富山県","高岡市","醍醐","醍醐今庄",44,20,24,-,18
1976,"16202","160006","4","","","","富山県","高岡市","醍醐","醍醐須田",128,62,66,2,43
1977,"16202","160007","4","","","","富山県","高岡市","醍醐","醍醐夏住",130,63,67,-,37
1978,"16202","1610","2","","","","富山県","高岡市","長慶寺","",738,375,363,6,266
1979,"16202","1620","2","","","","富山県","高岡市","千鳥丘町","",50,22,28,-,13
1980,"16202","1630","2","","","","富山県","高岡市","月野谷","",46,23,23,1,14
1981,"16202","1640","2","","","","富山県","高岡市","辻","",454,231,223,1,141
1982,"16202","1650","2","","","","富山県","高岡市","常国","",1266,614,652,7,424
1983,"16202","1661","2","","","","富山県","高岡市","能町駅南","",61,31,30,3,22
1984,"16202","1662","3","","","","富山県","高岡市","角","",2273,1106,1167,28,895
1985,"16202","166201","4","","","","富山県","高岡市","角","",1774,887,887,18,722
1986,"16202","166202","4","","","","富山県","高岡市","角","東野",414,191,223,10,158
1987,"16202","166203","4","","","","富山県","高岡市","角","城北町",34,15,19,-,14
1988,"16202","166204","4","","","","富山県","高岡市","角","",51,13,38,-,1
1989,"16202","1670","2","","","","富山県","高岡市","頭川","",190,98,92,18,75
1990,"16202","1680","2","","","","富山県","高岡市","角三島","",364,189,175,3,123
1991,"16202","1690","2","","","","富山県","高岡市","寺町","",143,66,77,2,54
1992,"16202","1700","3","","","","富山県","高岡市","出来田","",1506,734,772,8,650
1993,"16202","170001","4","","","","富山県","高岡市","出来田","",1241,608,633,7,560
1994,"16202","170002","4","","","","富山県","高岡市","出来田","出来田新町",265,126,139,1,90
1995,"16202","1710","2","","","","富山県","高岡市","戸出","",74,38,36,2,41
1996,"16202","1721","2","","","","富山県","高岡市","戸出町七丁目","",684,332,352,8,213
1997,"16202","1722","2","","","","富山県","高岡市","戸出伊勢領","",288,150,138,6,97
1998,"16202","1730","3","","","","富山県","高岡市","戸出市野瀬","",748,365,383,6,242
1999,"16202","173001","4","","","","富山県","高岡市","戸出市野瀬","",565,274,291,1,171
2000,"16202","173002","4","","","","富山県","高岡市","戸出市野瀬","戸出池田町",183,91,92,5,71
2001,"16202","1740","2","","","","富山県","高岡市","戸出市野瀬新","",64,30,34,-,22
2002,"16202","1750","2","","","","富山県","高岡市","戸出狼","",339,187,152,-,171
2003,"16202","1760","2","","","","富山県","高岡市","戸出大清水","",371,182,189,-,123
2004,"16202","1770","2","","","","富山県","高岡市","戸出岡御所","",184,88,96,1,48
2005,"16202","1780","2","","","","富山県","高岡市","戸出春日","",338,167,171,1,99
2006,"16202","1790","3","","","","富山県","高岡市","戸出光明寺","",537,274,263,5,197
2007,"16202","179001","4","","","","富山県","高岡市","戸出光明寺","",316,161,155,1,111
2008,"16202","179002","4","","","","富山県","高岡市","戸出光明寺","戸出青園町",119,55,64,-,45
2009,"16202","179003","4","","","","富山県","高岡市","戸出光明寺","戸出葵町",102,58,44,4,41
2010,"16202","1800","2","","","","富山県","高岡市","戸出石代","",104,53,51,-,39
2011,"16202","1810","2","","","","富山県","高岡市","戸出栄町","",-,-,-,-,-
2012,"16202","1820","2","","","","富山県","高岡市","戸出竹","",115,56,59,1,37
2013,"16202","1840","2","","","","富山県","高岡市","戸出徳市","",63,33,30,-,20
2014,"16202","1850","2","","","","富山県","高岡市","戸出西部金屋","",485,244,241,18,193
2015,"16202","1870","2","","","","富山県","高岡市","戸出古戸出","",28,16,12,-,9
2016,"16202","1880","2","","","","富山県","高岡市","戸出放寺","",105,46,59,1,30
2017,"16202","1900","3","","","","富山県","高岡市","戸出町","",6740,3386,3354,169,2983
2018,"16202","190001","4","","","","富山県","高岡市","戸出町","一丁目",572,262,310,15,248
2019,"16202","190002","4","","","","富山県","高岡市","戸出町","二丁目",1230,648,582,18,606
2020,"16202","190003","4","","","","富山県","高岡市","戸出町","三丁目",1469,767,702,38,697
2021,"16202","190004","4","","","","富山県","高岡市","戸出町","四丁目",1037,507,530,24,422
2022,"16202","190005","4","","","","富山県","高岡市","戸出町","五丁目",1166,577,589,49,506
2023,"16202","190006","4","","","","富山県","高岡市","戸出町","六丁目",1266,625,641,25,504
2024,"16202","1910","2","","","","富山県","高岡市","戸出行兼","",88,47,41,1,25
2025,"16202","1920","2","","","","富山県","高岡市","戸出吉住","",546,253,293,11,188
2026,"16202","1930","2","","","","富山県","高岡市","戸出吉住新","",60,29,31,-,18
2027,"16202","1940","2","","","","富山県","高岡市","戸出六十歩","",134,60,74,-,39
2028,"16202","1950","2","","","","富山県","高岡市","答野島","",158,88,70,26,67
2029,"16202","1970","2","","","","富山県","高岡市","通町","",87,42,45,-,36
2030,"16202","1980","2","","","","富山県","高岡市","利屋町","",78,40,38,-,23
2031,"16202","1990","2","","","","富山県","高岡市","富岡町","",258,130,128,1,101
2032,"16202","2000","2","","","","富山県","高岡市","問屋町","",296,131,165,5,129
2033,"16202","2020","3","","","","富山県","高岡市","内免","",2004,996,1008,21,838
2034,"16202","202001","4","","","","富山県","高岡市","内免","一丁目",168,82,86,1,87
2035,"16202","202002","4","","","","富山県","高岡市","内免","二丁目",703,377,326,7,277
2036,"16202","202003","4","","","","富山県","高岡市","内免","三丁目",490,237,253,1,199
2037,"16202","202004","4","","","","富山県","高岡市","内免","四丁目",232,115,117,3,107
2038,"16202","202005","4","","","","富山県","高岡市","内免","五丁目",411,185,226,9,168
2039,"16202","2040","2","","","","富山県","高岡市","中川一丁目","",183,93,90,2,93
2040,"16202","2050","2","","","","富山県","高岡市","中川上町","",459,234,225,7,211
2041,"16202","2060","2","","","","富山県","高岡市","中川栄町","",516,252,264,5,200
2042,"16202","2070","2","","","","富山県","高岡市","中川園町","",171,91,80,-,76
2043,"16202","2080","2","","","","富山県","高岡市","中川本町","",346,165,181,5,164
2044,"16202","2090","2","","","","富山県","高岡市","中川町","",167,84,83,1,63
2045,"16202","2100","2","","","","富山県","高岡市","中島町","",333,164,169,2,153
2046,"16202","2110","3","","","","富山県","高岡市","中曽根","",3436,1701,1735,114,1171
2047,"16202","211001","4","","","","富山県","高岡市","中曽根","",2009,975,1034,74,651
2048,"16202","211002","4","","","","富山県","高岡市","中曽根","中曽根第二",1427,726,701,40,520
2049,"16202","2120","3","","","","富山県","高岡市","中田","",1231,576,655,8,434
2050,"16202","212001","4","","","","富山県","高岡市","中田","中田東町",269,132,137,7,103
2051,"16202","212002","4","","","","富山県","高岡市","中田","中田本町",57,20,37,-,21
2052,"16202","212003","4","","","","富山県","高岡市","中田","中田中町",41,24,17,-,13
2053,"16202","212004","4","","","","富山県","高岡市","中田","中田西中町",53,25,28,-,19
2054,"16202","212005","4","","","","富山県","高岡市","中田","中田西町",306,136,170,-,107
2055,"16202","212006","4","合算地域あり","","212007","富山県","高岡市","中田","中田宮町",128,63,65,-,44
2056,"16202","212007","4","秘匿地域","212006","","富山県","高岡市","中田","中田十軒町",X,X,X,X,X
2057,"16202","212008","4","","","","富山県","高岡市","中田","中田南町",185,82,103,-,67
2058,"16202","212009","4","","","","富山県","高岡市","中田","中田反保島",192,94,98,1,60
2059,"16202","2130","3","","","","富山県","高岡市","中保","",1575,742,833,17,564
2060,"16202","213001","4","","","","富山県","高岡市","中保","",1221,585,636,8,391
2061,"16202","213002","4","","","","富山県","高岡市","中保","西高町",152,72,80,6,61
2062,"16202","213003","4","","","","富山県","高岡市","中保","若保町",202,85,117,3,112
2063,"16202","2140","2","","","","富山県","高岡市","長江","",624,300,324,19,218
2064,"16202","2150","3","","","","富山県","高岡市","西海老坂","",363,149,214,1,132
2065,"16202","215001","4","","","","富山県","高岡市","西海老坂","",177,66,111,-,35
2066,"16202","215002","4","","","","富山県","高岡市","西海老坂","香住町",186,83,103,1,97
2067,"16202","2160","3","","","","富山県","高岡市","西藤平蔵","",1066,508,558,7,320
2068,"16202","216001","4","","","","富山県","高岡市","西藤平蔵","",621,295,326,7,169
2069,"16202","216002","4","","","","富山県","高岡市","西藤平蔵","紅屋",103,52,51,-,31
2070,"16202","216003","4","","","","富山県","高岡市","西藤平蔵","柳島",18,7,11,-,5
2071,"16202","216004","4","","","","富山県","高岡市","西藤平蔵","佐野緑町",324,154,170,-,115
2072,"16202","2170","2","","","","富山県","高岡市","西広上","",68,35,33,-,19
2073,"16202","2180","2","","","","富山県","高岡市","西広谷","",86,47,39,-,34
2074,"16202","2190","2","","","","富山県","高岡市","西町","",347,152,195,-,137
2075,"16202","2210","2","","","","富山県","高岡市","二番町","",81,38,43,2,31
2076,"16202","2220","3","","","","富山県","高岡市","能町","",1392,684,708,21,528
2077,"16202","222001","4","","","","富山県","高岡市","能町","",1281,629,652,21,482
2078,"16202","222002","4","","","","富山県","高岡市","能町","角",111,55,56,-,46
2079,"16202","2230","2","","","","富山県","高岡市","勝木原","",51,27,24,-,23
2080,"16202","2240","3","","","","富山県","高岡市","野村","",7048,3491,3557,209,2963
2081,"16202","224002","4","","","","富山県","高岡市","野村","新和町",391,189,202,38,157
2082,"16202","224003","4","","","","富山県","高岡市","野村","野村第三",705,354,351,39,302
2083,"16202","224004","4","","","","富山県","高岡市","野村","野村第四",1412,700,712,24,594
2084,"16202","224005","4","","","","富山県","高岡市","野村","野村第五",1355,662,693,37,592
2085,"16202","224006","4","","","","富山県","高岡市","野村","野村第二",220,99,121,-,80
2086,"16202","224007","4","","","","富山県","高岡市","野村","長和里",244,113,131,1,97
2087,"16202","224008","4","","","","富山県","高岡市","野村","寿町一丁目",110,60,50,1,46
2088,"16202","224009","4","","","","富山県","高岡市","野村","寿町二丁目",577,290,287,7,222
2089,"16202","224010","4","","","","富山県","高岡市","野村","野村東町",229,116,113,10,110
2090,"16202","224011","4","","","","富山県","高岡市","野村","深田町",352,190,162,10,182
2091,"16202","224012","4","","","","富山県","高岡市","野村","富田町",83,35,48,22,36
2092,"16202","224013","4","","","","富山県","高岡市","野村","玉兎ケ丘",229,110,119,-,94
2093,"16202","224014","4","","","","富山県","高岡市","野村","双葉町",309,150,159,2,123
2094,"16202","224015","4","","","","富山県","高岡市","野村","野村第一",621,317,304,10,244
2095,"16202","224016","4","","","","富山県","高岡市","野村","野村新宿",33,17,16,-,13
2096,"16202","224017","4","","","","富山県","高岡市","野村","二枚橋",178,89,89,8,71
2097,"16202","2250","3","","","","富山県","高岡市","能町南","",1132,560,572,37,426
2098,"16202","225001","4","","","","富山県","高岡市","能町南","一丁目",597,301,296,22,234
2099,"16202","225002","4","","","","富山県","高岡市","能町南","二丁目",362,176,186,4,124
2100,"16202","225003","4","合算地域あり","","2260","富山県","高岡市","能町南","三丁目",173,83,90,11,68
2101,"16202","2260","2","秘匿地域","225003","","富山県","高岡市","能町東","",X,X,X,X,X
2102,"16202","2280","2","","","","富山県","高岡市","波岡","",1129,577,552,63,461
2103,"16202","2290","2","","","","富山県","高岡市","蓮美町","",390,180,210,10,171
2104,"16202","2300","2","","","","富山県","高岡市","旅籠町","",82,36,46,-,28
2105,"16202","2310","2","","","","富山県","高岡市","蜂ケ島","",32,15,17,-,9
2106,"16202","2331","3","","","","富山県","高岡市","羽広","",572,282,290,12,246
2107,"16202","233101","4","","","","富山県","高岡市","羽広","一丁目",186,86,100,3,75
2108,"16202","233102","4","","","","富山県","高岡市","羽広","二丁目",386,196,190,9,171
2109,"16202","2332","3","","","","富山県","高岡市","羽広","",519,235,284,6,195
2110,"16202","233201","4","","","","富山県","高岡市","羽広","羽広",178,79,99,1,71
2111,"16202","233202","4","","","","富山県","高岡市","羽広","一丁目",341,156,185,5,124
2112,"16202","2340","2","","","","富山県","高岡市","早川","",752,355,397,12,259
2113,"16202","2360","2","","","","富山県","高岡市","博労本町","",440,220,220,1,190
2114,"16202","2370","2","","","","富山県","高岡市","博労町","",225,106,119,-,97
2115,"16202","2390","2","","","","富山県","高岡市","東石堤","",12,7,5,-,4
2116,"16202","2400","2","","","","富山県","高岡市","東海老坂","",269,120,149,1,91
2117,"16202","2410","3","","","","富山県","高岡市","東上関","",1038,521,517,12,540
2118,"16202","241001","4","","","","富山県","高岡市","東上関","",732,382,350,8,398
2119,"16202","241002","4","","","","富山県","高岡市","東上関","南田町",118,53,65,-,43
2120,"16202","241003","4","","","","富山県","高岡市","東上関","八丁道",188,86,102,4,99
2121,"16202","2420","3","","","","富山県","高岡市","東藤平蔵","",368,184,184,-,119
2122,"16202","242001","4","","","","富山県","高岡市","東藤平蔵","",189,97,92,-,62
2123,"16202","242002","4","","","","富山県","高岡市","東藤平蔵","大林",22,10,12,-,8
2124,"16202","242003","4","合算地域あり","","276010","富山県","高岡市","東藤平蔵","林",157,77,80,-,49
2125,"16202","2430","2","","","","富山県","高岡市","東中川町","",607,269,338,3,227
2126,"16202","2450","2","","","","富山県","高岡市","東保新","",89,49,40,-,27
2127,"16202","2460","3","","","","富山県","高岡市","樋詰","",234,105,129,5,79
2128,"16202","246001","4","","","","富山県","高岡市","樋詰","",129,56,73,-,40
2129,"16202","246002","4","","","","富山県","高岡市","樋詰","柴園町",105,49,56,5,39
2130,"16202","2470","3","","","","富山県","高岡市","姫野","",2235,1105,1130,135,934
2131,"16202","247001","4","","","","富山県","高岡市","姫野","姫野第一",608,309,299,50,256
2132,"16202","247002","4","","","","富山県","高岡市","姫野","姫野第二",343,171,172,11,139
2133,"16202","247003","4","","","","富山県","高岡市","姫野","姫野第三",426,216,210,14,198
2134,"16202","247004","4","","","","富山県","高岡市","姫野","姫野第四",676,324,352,44,270
2135,"16202","247005","4","","","","富山県","高岡市","姫野","姫野第五",182,85,97,16,71
2136,"16202","2490","2","","","","富山県","高岡市","広小路","",234,104,130,8,117
2137,"16202","2500","3","","","","富山県","高岡市","深沢","",140,68,72,2,56
2138,"16202","250001","4","","","","富山県","高岡市","深沢","",109,53,56,2,43
2139,"16202","250002","4","","","","富山県","高岡市","深沢","明和町",31,15,16,-,13
2140,"16202","2520","3","","","","富山県","高岡市","福田六家","",528,252,276,15,221
2141,"16202","252001","4","","","","富山県","高岡市","福田六家","",333,170,163,4,115
2142,"16202","252002","4","","","","富山県","高岡市","福田六家","西園町",38,19,19,-,14
2143,"16202","252003","4","","","","富山県","高岡市","福田六家","福栄町",157,63,94,11,92
2144,"16202","2530","3","","","","富山県","高岡市","伏木","",X,X,X,X,X
2145,"16202","253001","4","","","","富山県","高岡市","伏木","一丁目",-,-,-,-,-
2146,"16202","253002","4","秘匿地域","1340","","富山県","高岡市","伏木","二丁目",X,X,X,X,X
2147,"16202","2540","2","","","","富山県","高岡市","伏木磯町","",-,-,-,-,-
2148,"16202","2561","3","","","","富山県","高岡市","伏木一宮","",1075,529,546,5,409
2149,"16202","256101","4","","","","富山県","高岡市","伏木一宮","一丁目",609,296,313,4,231
2150,"16202","256102","4","","","","富山県","高岡市","伏木一宮","二丁目",466,233,233,1,178
2151,"16202","2562","3","合算地域あり","","256201;256202","富山県","高岡市","伏木一宮","",15,7,8,-,5
2152,"16202","256201","4","秘匿地域","2562","","富山県","高岡市","伏木一宮","住外",X,X,X,X,X
2153,"16202","256202","4","秘匿地域","2562","","富山県","高岡市","伏木一宮","伏木一宮若草",X,X,X,X,X
2154,"16202","2581","2","","","","富山県","高岡市","伏木万葉ふ頭","",-,-,-,-,-
2155,"16202","2591","3","","","","富山県","高岡市","伏木国分","",775,338,437,6,274
2156,"16202","259101","4","","","","富山県","高岡市","伏木国分","一丁目",483,200,283,5,161
2157,"16202","259102","4","","","","富山県","高岡市","伏木国分","二丁目",292,138,154,1,113
2158,"16202","2592","3","","","","富山県","高岡市","伏木国分","",14,8,6,-,6
2159,"16202","259201","4","","","","富山県","高岡市","伏木国分","住外（海面）",-,-,-,-,-
2160,"16202","259202","4","","","","富山県","高岡市","伏木国分","住外",14,8,6,-,6
2161,"16202","2611","3","","","","富山県","高岡市","伏木古府","",1312,655,657,7,579
2162,"16202","261101","4","","","","富山県","高岡市","伏木古府","一丁目",430,234,196,-,201
2163,"16202","261102","4","","","","富山県","高岡市","伏木古府","二丁目",341,159,182,4,153
2164,"16202","261103","4","","","","富山県","高岡市","伏木古府","三丁目",541,262,279,3,225
2165,"16202","2612","2","","","","富山県","高岡市","伏木古府","",37,17,20,-,15
2166,"16202","2620","2","","","","富山県","高岡市","伏木古府元町","",726,344,382,2,266
2167,"16202","2630","2","","","","富山県","高岡市","伏木中央町","",428,191,237,3,162
2168,"16202","2640","2","","","","富山県","高岡市","伏木錦町","",357,161,196,5,158
2169,"16202","2650","2","","","","富山県","高岡市","伏木東一宮","",844,399,445,4,335
2170,"16202","2670","2","","","","富山県","高岡市","伏木古国府","",448,220,228,2,185
2171,"16202","2680","2","","","","富山県","高岡市","伏木本町","",891,423,468,3,375
2172,"16202","2690","2","","","","富山県","高岡市","伏木湊町","",231,113,118,2,97
2173,"16202","2701","2","","","","富山県","高岡市","伏木矢田","",580,302,278,7,255
2174,"16202","2702","3","","","","富山県","高岡市","伏木矢田","",945,458,487,1,347
2175,"16202","270201","4","","","","富山県","高岡市","伏木矢田","伏木矢田南台",778,378,400,1,278
2176,"16202","270202","4","","","","富山県","高岡市","伏木矢田","万葉台",130,64,66,-,53
2177,"16202","270203","4","","","","富山県","高岡市","伏木矢田","高美町",37,16,21,-,16
2178,"16202","2710","2","","","","富山県","高岡市","伏木矢田上町","",342,153,189,5,127
2179,"16202","2720","2","","","","富山県","高岡市","伏木矢田新町","",469,226,243,3,177
2180,"16202","2730","3","","","","富山県","高岡市","二上","",730,357,373,8,284
2181,"16202","273001","4","","","","富山県","高岡市","二上","上二上",183,88,95,-,66
2182,"16202","273002","4","","","","富山県","高岡市","二上","二上谷内",69,33,36,3,28
2183,"16202","273003","4","","","","富山県","高岡市","二上","下二上",257,118,139,1,89
2184,"16202","273004","4","","","","富山県","高岡市","二上","山園町",67,38,29,-,30
2185,"16202","273006","4","","","","富山県","高岡市","二上","二上院内",131,68,63,4,49
2186,"16202","273007","4","","","","富山県","高岡市","二上","城光寺",-,-,-,-,-
2187,"16202","273008","4","","","","富山県","高岡市","二上","",23,12,11,-,22
2188,"16202","273009","4","","","","富山県","高岡市","二上","",-,-,-,-,-
2189,"16202","2740","2","","","","富山県","高岡市","二上新","",34,16,18,-,11
2190,"16202","2750","2","","","","富山県","高岡市","二上町","",591,273,318,-,184
2191,"16202","2760","3","","","","富山県","高岡市","二塚","",1228,591,637,7,357
2192,"16202","276001","4","","","","富山県","高岡市","二塚","二塚",155,74,81,-,17
2193,"16202","276002","4","","","","富山県","高岡市","二塚","東二塚第一",135,70,65,-,39
2194,"16202","276003","4","","","","富山県","高岡市","二塚","東二塚第二",67,33,34,-,24
2195,"16202","276004","4","","","","富山県","高岡市","二塚","東二塚第三",143,73,70,-,41
2196,"16202","276005","4","","","","富山県","高岡市","二塚","東二塚第四",125,57,68,-,39
2197,"16202","276006","4","","","","富山県","高岡市","二塚","二塚南部",97,47,50,-,32
2198,"16202","276007","4","","","","富山県","高岡市","二塚","二塚西部",85,36,49,-,25
2199,"16202","276008","4","","","","富山県","高岡市","二塚","鎧",353,167,186,7,118
2200,"16202","276009","4","","","","富山県","高岡市","二塚","二塚東部",68,34,34,-,22
2201,"16202","276010","4","秘匿地域","242003","","富山県","高岡市","二塚","二塚南部",X,X,X,X,X
2202,"16202","2780","2","","","","富山県","高岡市","古定塚","",946,459,487,18,372
2203,"16202","2790","2","","","","富山県","高岡市","風呂屋町","",39,21,18,-,18
2204,"16202","2800","2","","","","富山県","高岡市","放生津","",50,20,30,-,21
2205,"16202","2810","2","","","","富山県","高岡市","細池","",88,49,39,-,23
2206,"16202","2830","2","秘匿地域","1391","","富山県","高岡市","堀上町","",X,X,X,X,X
2207,"16202","2840","3","","","","富山県","高岡市","本郷","",285,145,140,1,128
2208,"16202","284001","4","","","","富山県","高岡市","本郷","一丁目",86,45,41,-,44
2209,"16202","284002","4","","","","富山県","高岡市","本郷","二丁目",199,100,99,1,84
2210,"16202","2850","2","","","","富山県","高岡市","本保","",136,62,74,-,41
2211,"16202","2860","2","","","","富山県","高岡市","本町","",388,184,204,11,222
2212,"16202","2870","2","","","","富山県","高岡市","本丸町","",390,173,217,21,189
2213,"16202","2880","2","","","","富山県","高岡市","丸の内","",380,169,211,7,178
2214,"16202","2890","2","","","","富山県","高岡市","瑞穂町","",680,326,354,5,279
2215,"16202","2900","2","","","","富山県","高岡市","南幸町","",281,137,144,1,111
2216,"16202","2930","2","","","","富山県","高岡市","宮田町","",767,386,381,25,334
2217,"16202","2960","3","","","","富山県","高岡市","美幸町","",555,232,323,8,168
2218,"16202","296001","4","","","","富山県","高岡市","美幸町","一丁目",241,88,153,6,60
2219,"16202","296002","4","","","","富山県","高岡市","美幸町","二丁目",314,144,170,2,108
2220,"16202","2970","2","合算地域あり","","367001","富山県","高岡市","向野本町","",409,196,213,-,170
2221,"16202","2980","2","","","","富山県","高岡市","江尻向野町","",252,122,130,2,107
2222,"16202","2990","3","","","","富山県","高岡市","向野町","",1084,515,569,22,497
2223,"16202","299001","4","","","","富山県","高岡市","向野町","一丁目",94,34,60,-,63
2224,"16202","299003","4","","","","富山県","高岡市","向野町","三丁目",91,41,50,-,41
2225,"16202","299004","4","","","","富山県","高岡市","向野町","四丁目",408,193,215,14,206
2226,"16202","299005","4","","","","富山県","高岡市","向野町","五丁目",176,85,91,-,68
2227,"16202","299006","4","","","","富山県","高岡市","向野町","六丁目",186,99,87,5,70
2228,"16202","299007","4","","","","富山県","高岡市","向野町","七丁目",129,63,66,3,49
2229,"16202","3020","3","","","","富山県","高岡市","守山","",268,133,135,-,102
2230,"16202","302002","4","","","","富山県","高岡市","守山","守山一区",82,44,38,-,31
2231,"16202","302003","4","","","","富山県","高岡市","守山","守山二区",66,31,35,-,26
2232,"16202","302004","4","","","","富山県","高岡市","守山","守山三区",120,58,62,-,45
2233,"16202","3030","2","","","","富山県","高岡市","守山町","",34,19,15,-,15
2234,"16202","3040","2","","","","富山県","高岡市","八口","",70,35,35,-,27
2235,"16202","3050","2","","","","富山県","高岡市","山川","",41,23,18,-,16
2236,"16202","3060","2","","","","富山県","高岡市","四日市","",140,69,71,2,46
2237,"16202","3070","2","","","","富山県","高岡市","横田","",329,189,140,10,145
2238,"16202","3080","2","","","","富山県","高岡市","横田本町","",473,225,248,7,184
2239,"16202","3090","3","","","","富山県","高岡市","横田町","",1056,494,562,7,428
2240,"16202","309001","4","","","","富山県","高岡市","横田町","一丁目",177,71,106,-,75
2241,"16202","309002","4","","","","富山県","高岡市","横田町","二丁目",671,313,358,7,270
2242,"16202","309003","4","","","","富山県","高岡市","横田町","三丁目",208,110,98,-,83
2243,"16202","3100","2","","","","富山県","高岡市","芳野","",165,79,86,2,80
2244,"16202","3120","3","","","","富山県","高岡市","吉久","",1288,632,656,26,526
2245,"16202","312001","4","","","","富山県","高岡市","吉久","一丁目",142,79,63,-,63
2246,"16202","312002","4","","","","富山県","高岡市","吉久","二丁目",647,304,343,12,252
2247,"16202","312003","4","","","","富山県","高岡市","吉久","三丁目",499,249,250,14,211
2248,"16202","3130","2","","","","富山県","高岡市","四屋","",561,291,270,28,234
2249,"16202","3140","3","","","","富山県","高岡市","米島","",774,379,395,2,353
2250,"16202","314001","4","","","","富山県","高岡市","米島","",675,330,345,-,307
2251,"16202","314002","4","","","","富山県","高岡市","米島","新能町",99,49,50,2,46
2252,"16202","3150","3","","","","富山県","高岡市","蓮花寺","",3227,1504,1723,74,1339
2253,"16202","315001","4","","","","富山県","高岡市","蓮花寺","",522,223,299,37,274
2254,"16202","315002","4","","","","富山県","高岡市","蓮花寺","蓮花寺新町",211,104,107,1,96
2255,"16202","315003","4","","","","富山県","高岡市","蓮花寺","蓮花寺中部",1052,496,556,12,413
2256,"16202","315004","4","","","","富山県","高岡市","蓮花寺","蓮花寺西部",1087,514,573,9,422
2257,"16202","315005","4","","","","富山県","高岡市","蓮花寺","蓮花寺東部",282,128,154,7,97
2258,"16202","315006","4","","","","富山県","高岡市","蓮花寺","",73,39,34,8,37
2259,"16202","3160","2","","","","富山県","高岡市","六家","",321,151,170,-,106
2260,"16202","3180","3","","","","富山県","高岡市","若杉","",200,63,137,-,17
2261,"16202","318001","4","","","","富山県","高岡市","若杉","",43,19,24,-,15
2262,"16202","318002","4","","","","富山県","高岡市","若杉","長生寮",157,44,113,-,2
2263,"16202","3200","2","","","","富山県","高岡市","鷲北新","",394,135,259,1,72
2264,"16202","3210","3","","","","富山県","高岡市","和田","",1288,610,678,15,458
2265,"16202","321001","4","","","","富山県","高岡市","和田","",50,23,27,1,26
2266,"16202","321002","4","","","","富山県","高岡市","和田","和田西町",184,81,103,7,75
2267,"16202","321003","4","","","","富山県","高岡市","和田","和田上町",406,188,218,7,134
2268,"16202","321004","4","","","","富山県","高岡市","和田","和田中町",174,81,93,-,59
2269,"16202","321005","4","","","","富山県","高岡市","和田","若生町",66,33,33,-,32
2270,"16202","321006","4","","","","富山県","高岡市","和田","石名瀬",247,123,124,-,77
2271,"16202","321007","4","","","","富山県","高岡市","和田","ウォークヒルズやぶなみ",161,81,80,-,55
2272,"16202","3220","2","","","","富山県","高岡市","宝来町","",290,143,147,1,108
2273,"16202","3230","2","","","","富山県","高岡市","東下関","",296,159,137,4,153
2274,"16202","3240","2","","","","富山県","高岡市","オフィスパーク","",107,12,95,-,2
2275,"16202","3250","2","","","","富山県","高岡市","中央町","",81,39,42,-,29
2276,"16202","3260","2","","","","富山県","高岡市","福岡","",351,166,185,2,140
2277,"16202","3270","2","","","","富山県","高岡市","下蓑新","",397,198,199,4,150
2278,"16202","3280","2","","","","富山県","高岡市","大野","",627,253,374,9,138
2279,"16202","3290","2","","","","富山県","高岡市","下老子","",899,443,456,19,307
2280,"16202","3300","2","","","","富山県","高岡市","一歩二歩","",606,293,313,-,198
2281,"16202","3310","2","","","","富山県","高岡市","小伊勢領","",255,122,133,-,75
2282,"16202","3320","2","","","","富山県","高岡市","江尻","",185,79,106,6,68
2283,"16202","3330","2","","","","富山県","高岡市","上蓑","",699,344,355,10,237
2284,"16202","3340","2","","","","富山県","高岡市","蓑島","",93,41,52,1,24
2285,"16202","3350","2","","","","富山県","高岡市","矢部","",835,434,401,25,297
2286,"16202","3360","2","","","","富山県","高岡市","開ほつ","",121,53,68,-,35
2287,"16202","3370","2","","","","富山県","高岡市","木舟","",332,174,158,1,118
2288,"16202","3380","2","","","","富山県","高岡市","大滝","",1272,641,631,28,532
2289,"16202","3390","2","","","","富山県","高岡市","本領","",420,197,223,3,152
2290,"16202","3400","2","","","","富山県","高岡市","荒屋敷","",419,211,208,10,158
2291,"16202","3410","2","","","","富山県","高岡市","上野","",100,48,52,-,33
2292,"16202","3420","2","","","","富山県","高岡市","上向田","",162,84,78,1,50
2293,"16202","3430","2","","","","富山県","高岡市","下向田","",122,60,62,-,44
2294,"16202","3440","2","","","","富山県","高岡市","土屋","",484,245,239,28,177
2295,"16202","3450","2","","","","富山県","高岡市","鳥倉","",70,36,34,-,27
2296,"16202","3460","2","","","","富山県","高岡市","加茂","",101,49,52,6,35
2297,"16202","3470","2","","","","富山県","高岡市","馬場","",83,46,37,1,24
2298,"16202","3480","2","","","","富山県","高岡市","三日市","",548,271,277,21,205
2299,"16202","3490","2","","","","富山県","高岡市","西明寺","",95,47,48,-,40
2300,"16202","3500","2","","","","富山県","高岡市","栃丘","",40,20,20,-,15
2301,"16202","3510","2","","","","富山県","高岡市","小野","",101,53,48,2,38
2302,"16202","3520","2","","","","富山県","高岡市","五位","",55,28,27,1,26
2303,"16202","3530","2","","","","富山県","高岡市","沢川","",24,10,14,-,16
2304,"16202","3540","2","","","","富山県","高岡市","赤丸","",1039,489,550,14,339
2305,"16202","3550","2","","","","富山県","高岡市","舞谷","",64,29,35,-,24
2306,"16202","3560","2","","","","富山県","高岡市","花尾","",16,7,9,-,10
2307,"16202","3570","2","","","","富山県","高岡市","福岡新","",1208,550,658,18,476
2308,"16202","3580","2","","","","富山県","高岡市","下蓑","",107,55,52,-,39
2309,"16202","3590","2","","","","富山県","高岡市","西川原島","",191,92,99,2,60
2310,"16202","3600","2","","","","富山県","高岡市","西","",54,22,32,-,18
2311,"16202","3610","2","","","","富山県","高岡市","荻布四つ葉町","",247,121,126,2,74
2312,"16202","3620","2","秘匿地域","139202","","富山県","高岡市","宮脇町","",X,X,X,X,X
2313,"16202","3630","2","","","","富山県","高岡市","戸出延島","",20,9,11,-,7
2314,"16202","3640","2","","","","富山県","高岡市","戸出竹北","",12,7,5,-,6
2315,"16202","3650","2","","","","富山県","高岡市","戸出放寺新","",13,6,7,-,5
2316,"16202","3660","2","","","","富山県","高岡市","林新","",68,29,39,-,19
2317,"16202","3670","3","","","","富山県","高岡市","八ケ","",22,12,10,-,7
2318,"16202","367001","4","秘匿地域","2970","","富山県","高岡市","八ケ","",X,X,X,X,X
2319,"16202","367002","4","","","","富山県","高岡市","八ケ","二上新",22,12,10,-,7
2320,"16202","3680","2","","","","富山県","高岡市","袋町","",119,58,61,3,47
2321,"16202","3690","2","","","","富山県","高岡市","平米町","",169,83,86,1,75
2322,"16202","3700","2","","","","富山県","高岡市","志貴野しらとり台","",105,55,50,-,35
2323,"16202","3710","2","","","","富山県","高岡市","グリーンパーク","",-,-,-,-,-
2324,"16202","3720","2","","","","富山県","高岡市","ＩＣパーク","",-,-,-,-,-
2325,"16204","-","1","","","","富山県","魚津市","","",40535,19729,20806,384,15800
2326,"16204","0010","3","","","","富山県","魚津市","上口","",469,230,239,4,215
2327,"16204","001001","4","","","","富山県","魚津市","上口","一丁目",144,75,69,2,60
2328,"16204","001002","4","","","","富山県","魚津市","上口","二丁目",325,155,170,2,155
2329,"16204","0020","3","","","","富山県","魚津市","新角川","",559,269,290,-,232
2330,"16204","002001","4","","","","富山県","魚津市","新角川","一丁目",236,121,115,-,109
2331,"16204","002002","4","","","","富山県","魚津市","新角川","二丁目",323,148,175,-,123
2332,"16204","0030","3","","","","富山県","魚津市","本町","",614,283,331,1,266
2333,"16204","003001","4","","","","富山県","魚津市","本町","一丁目",291,133,158,1,139
2334,"16204","003002","4","","","","富山県","魚津市","本町","二丁目",323,150,173,-,127
2335,"16204","0040","2","","","","富山県","魚津市","真成寺町","",80,37,43,-,36
2336,"16204","0050","2","","","","富山県","魚津市","双葉町","",82,39,43,-,31
2337,"16204","0060","2","","","","富山県","魚津市","文化町","",212,96,116,9,104
2338,"16204","0070","2","","","","富山県","魚津市","新宿","",206,98,108,2,96
2339,"16204","0080","2","","","","富山県","魚津市","大字大光寺町","",12,6,6,-,9
2340,"16204","0090","2","","","","富山県","魚津市","諏訪町","",381,185,196,2,159
2341,"16204","0100","2","","","","富山県","魚津市","港町","",142,74,68,1,68
2342,"16204","0110","2","","","","富山県","魚津市","火の宮町","",365,174,191,1,156
2343,"16204","0120","2","","","","富山県","魚津市","末広町","",183,91,92,2,86
2344,"16204","0130","2","","","","富山県","魚津市","村木町","",253,113,140,-,103
2345,"16204","0140","2","","","","富山県","魚津市","緑町","",299,154,145,4,127
2346,"16204","0150","2","","","","富山県","魚津市","駅前新町","",168,88,80,5,77
2347,"16204","0160","2","","","","富山県","魚津市","金浦町","",130,64,66,-,64
2348,"16204","0170","3","","","","富山県","魚津市","中央通り","",321,146,175,1,137
2349,"16204","017001","4","","","","富山県","魚津市","中央通り","一丁目",139,62,77,1,60
2350,"16204","017002","4","","","","富山県","魚津市","中央通り","二丁目",182,84,98,-,77
2351,"16204","0180","2","","","","富山県","魚津市","鴨川町","",57,29,28,-,26
2352,"16204","0190","2","","","","富山県","魚津市","住吉","",1569,721,848,12,510
2353,"16204","0200","2","","","","富山県","魚津市","三ケ","",427,221,206,4,164
2354,"16204","0210","2","","","","富山県","魚津市","川縁","",525,317,208,20,170
2355,"16204","0220","2","","","","富山県","魚津市","慶野","",192,94,98,-,65
2356,"16204","0230","2","","","","富山県","魚津市","宮津","",363,178,185,6,128
2357,"16204","0240","2","","","","富山県","魚津市","弥源寺","",103,55,48,-,37
2358,"16204","0250","2","","","","富山県","魚津市","川原","",120,61,59,-,41
2359,"16204","0260","2","","","","富山県","魚津市","出","",215,107,108,1,70
2360,"16204","0270","2","","","","富山県","魚津市","湯上","",100,47,53,2,34
2361,"16204","0280","2","","","","富山県","魚津市","舛田","",98,44,54,-,36
2362,"16204","0290","2","","","","富山県","魚津市","吉野","",251,117,134,1,91
2363,"16204","0300","2","","","","富山県","魚津市","上野","",70,32,38,-,24
2364,"16204","0310","2","","","","富山県","魚津市","浅生","",78,42,36,-,24
2365,"16204","0320","2","","","","富山県","魚津市","有山","",69,28,41,-,25
2366,"16204","0330","2","","","","富山県","魚津市","下椿","",71,32,39,-,24
2367,"16204","0340","2","","","","富山県","魚津市","舛方","",60,31,29,-,19
2368,"16204","0350","2","","","","富山県","魚津市","観音堂","",271,131,140,-,88
2369,"16204","0360","2","","","","富山県","魚津市","室田","",76,41,35,1,28
2370,"16204","0370","2","","","","富山県","魚津市","稗畠","",46,22,24,1,19
2371,"16204","0380","2","","","","富山県","魚津市","北山","",91,36,55,1,23
2372,"16204","0390","2","合算地域あり","","0400;0410","富山県","魚津市","坪野","",95,52,43,-,31
2373,"16204","0400","2","秘匿地域","0390","","富山県","魚津市","池谷","",X,X,X,X,X
2374,"16204","0410","2","秘匿地域","0390","","富山県","魚津市","小菅沼","",X,X,X,X,X
2375,"16204","0420","2","","","","富山県","魚津市","金山谷","",218,99,119,-,76
2376,"16204","0430","2","合算地域あり","","0460;0470","富山県","魚津市","鹿熊","",142,66,76,1,54
2377,"16204","0440","2","","","","富山県","魚津市","大熊","",-,-,-,-,-
2378,"16204","0460","2","秘匿地域","0430","","富山県","魚津市","鉢","",X,X,X,X,X
2379,"16204","0470","2","秘匿地域","0430","","富山県","魚津市","虎谷","",X,X,X,X,X
2380,"16204","0480","2","","","","富山県","魚津市","大字大海寺野村","",104,53,51,-,38
2381,"16204","0490","2","","","","富山県","魚津市","大字大海寺新村","",228,117,111,-,95
2382,"16204","0500","2","","","","富山県","魚津市","大海寺野","",1213,580,633,1,433
2383,"16204","0510","2","","","","富山県","魚津市","大海寺新","",398,192,206,1,147
2384,"16204","0520","2","","","","富山県","魚津市","石垣","",302,111,191,-,59
2385,"16204","0530","3","","","","富山県","魚津市","新金屋","",627,308,319,4,281
2386,"16204","053001","4","","","","富山県","魚津市","新金屋","一丁目",368,191,177,2,181
2387,"16204","053002","4","","","","富山県","魚津市","新金屋","二丁目",259,117,142,2,100
2388,"16204","0540","2","","","","富山県","魚津市","並木町","",155,79,76,-,67
2389,"16204","0550","2","","","","富山県","魚津市","本江新町","",192,81,111,1,76
2390,"16204","0560","2","","","","富山県","魚津市","大字下村木町","",169,74,95,-,58
2391,"16204","0571","2","","","","富山県","魚津市","本江","",2132,1054,1078,20,850
2392,"16204","0572","2","","","","富山県","魚津市","本江","",39,20,19,-,13
2393,"16204","0580","2","","","","富山県","魚津市","友道","",1297,593,704,13,495
2394,"16204","0590","2","","","","富山県","魚津市","大光寺","",1231,585,646,18,418
2395,"16204","0600","2","","","","富山県","魚津市","三田","",715,365,350,6,274
2396,"16204","0610","2","","","","富山県","魚津市","印田","",271,132,139,3,100
2397,"16204","0620","2","","","","富山県","魚津市","石垣新","",575,283,292,3,207
2398,"16204","0630","2","","","","富山県","魚津市","道坂","",168,90,78,2,58
2399,"16204","0640","2","秘匿地域","0650","","富山県","魚津市","貝田新","",X,X,X,X,X
2400,"16204","0650","2","合算地域あり","","0640;0710","富山県","魚津市","島尻","",485,229,256,-,161
2401,"16204","0660","2","","","","富山県","魚津市","東城","",222,99,123,1,72
2402,"16204","0670","2","","","","富山県","魚津市","黒谷","",19,11,8,-,10
2403,"16204","0680","2","","","","富山県","魚津市","山女","",14,5,9,-,9
2404,"16204","0690","2","","","","富山県","魚津市","東蔵","",45,16,29,-,22
2405,"16204","0700","2","","","","富山県","魚津市","平沢","",16,6,10,-,9
2406,"16204","0710","2","秘匿地域","0650","","富山県","魚津市","大菅沼","",X,X,X,X,X
2407,"16204","0720","2","","","","富山県","魚津市","三ケ","",-,-,-,-,-
2408,"16204","0730","3","","","","富山県","魚津市","吉島","",2803,1368,1435,19,1154
2409,"16204","073001","4","","","","富山県","魚津市","吉島","一丁目",170,90,80,2,107
2410,"16204","073002","4","","","","富山県","魚津市","吉島","二丁目",286,146,140,5,130
2411,"16204","073003","4","","","","富山県","魚津市","吉島","",2347,1132,1215,12,917
2412,"16204","0740","3","","","","富山県","魚津市","上村木","",874,399,475,7,352
2413,"16204","074001","4","","","","富山県","魚津市","上村木","一丁目",516,235,281,6,216
2414,"16204","074002","4","","","","富山県","魚津市","上村木","二丁目",334,155,179,1,127
2415,"16204","074003","4","","","","富山県","魚津市","上村木","",24,9,15,-,9
2416,"16204","0750","2","","","","富山県","魚津市","相木","",489,232,257,6,188
2417,"16204","0760","2","","","","富山県","魚津市","六郎丸","",1573,764,809,10,602
2418,"16204","0770","2","","","","富山県","魚津市","袋","",133,65,68,-,40
2419,"16204","0780","2","","","","富山県","魚津市","横枕","",425,210,215,54,208
2420,"16204","0790","2","","","","富山県","魚津市","仏田","",1854,891,963,15,721
2421,"16204","0800","2","","","","富山県","魚津市","仏又","",100,50,50,-,30
2422,"16204","0810","2","","","","富山県","魚津市","青島","",1407,716,691,13,584
2423,"16204","0820","2","","","","富山県","魚津市","北中","",304,165,139,6,138
2424,"16204","0830","2","","","","富山県","魚津市","高畠","",76,31,45,-,37
2425,"16204","0841","3","","","","富山県","魚津市","北鬼江","",638,333,305,12,327
2426,"16204","084101","4","","","","富山県","魚津市","北鬼江","一丁目",152,86,66,-,91
2427,"16204","084102","4","","","","富山県","魚津市","北鬼江","二丁目",486,247,239,12,236
2428,"16204","0842","2","","","","富山県","魚津市","北鬼江","",800,388,412,17,392
2429,"16204","0850","2","","","","富山県","魚津市","釈迦堂","",182,87,95,8,86
2430,"16204","0860","2","","","","富山県","魚津市","本新","",99,46,53,-,44
2431,"16204","0871","2","","","","富山県","魚津市","本新町","",520,233,287,2,188
2432,"16204","0880","2","","","","富山県","魚津市","寿町","",173,83,90,3,64
2433,"16204","0890","2","","","","富山県","魚津市","東町","",533,254,279,13,207
2434,"16204","0900","2","","","","富山県","魚津市","経田中町","",361,171,190,-,148
2435,"16204","0910","2","","","","富山県","魚津市","経田西町","",557,258,299,8,244
2436,"16204","0920","2","","","","富山県","魚津市","浜経田","",510,250,260,1,200
2437,"16204","0930","2","","","","富山県","魚津市","岡経田","",136,61,75,2,65
2438,"16204","0940","2","","","","富山県","魚津市","平伝寺","",379,184,195,-,138
2439,"16204","0950","2","","","","富山県","魚津市","持光寺","",283,142,141,4,100
2440,"16204","0960","2","","","","富山県","魚津市","西尾崎","",163,95,68,2,82
2441,"16204","0970","2","","","","富山県","魚津市","江口","",1029,578,451,3,397
2442,"16204","0980","2","","","","富山県","魚津市","立石","",345,166,179,2,137
2443,"16204","0990","2","","","","富山県","魚津市","木下新","",572,289,283,2,226
2444,"16204","1000","2","","","","富山県","魚津市","東尾崎","",826,380,446,13,269
2445,"16204","1010","2","","","","富山県","魚津市","天神野新","",556,279,277,3,191
2446,"16204","1020","2","","","","富山県","魚津市","東山","",214,106,108,-,72
2447,"16204","1030","2","","","","富山県","魚津市","青柳","",91,49,42,-,41
2448,"16204","1040","2","","","","富山県","魚津市","蛇田","",435,228,207,2,153
2449,"16204","1050","2","","","","富山県","魚津市","小川寺","",337,171,166,1,129
2450,"16204","1060","2","","","","富山県","魚津市","長引野","",161,81,80,-,57
2451,"16204","1070","2","","","","富山県","魚津市","布施爪","",79,37,42,1,26
2452,"16204","1080","2","","","","富山県","魚津市","黒沢","",55,26,29,-,18
2453,"16204","1090","2","","","","富山県","魚津市","大沢","",18,9,9,-,5
2454,"16204","1100","2","","","","富山県","魚津市","村木","",-,-,-,-,-
2455,"16204","1110","2","","","","富山県","魚津市","新経田","",45,21,24,-,15
2456,"16205","-","1","","","","富山県","氷見市","","",43950,20883,23067,424,15759
2457,"16205","0010","3","","","","富山県","氷見市","伊勢大町","",986,458,528,24,424
2458,"16205","001001","4","","","","富山県","氷見市","伊勢大町","一丁目",301,132,169,1,124
2459,"16205","001002","4","","","","富山県","氷見市","伊勢大町","二丁目",685,326,359,23,300
2460,"16205","0020","2","","","","富山県","氷見市","地蔵町","",548,246,302,10,237
2461,"16205","0030","2","","","","富山県","氷見市","本町","",488,220,268,-,188
2462,"16205","0040","2","","","","富山県","氷見市","南大町","",528,250,278,1,223
2463,"16205","0050","2","","","","富山県","氷見市","朝日丘","",989,432,557,18,360
2464,"16205","0060","2","","","","富山県","氷見市","朝日本町","",610,290,320,3,253
2465,"16205","0070","2","","","","富山県","氷見市","比美町","",464,205,259,4,199
2466,"16205","0080","2","","","","富山県","氷見市","丸の内","",197,99,98,-,88
2467,"16205","0090","2","","","","富山県","氷見市","幸町","",1098,509,589,10,452
2468,"16205","0100","2","","","","富山県","氷見市","中央町","",498,220,278,13,208
2469,"16205","0110","2","","","","富山県","氷見市","北大町","",1275,599,676,4,477
2470,"16205","0120","2","","","","富山県","氷見市","栄町","",1117,522,595,5,418
2471,"16205","0130","3","","","","富山県","氷見市","鞍川","",1624,741,883,26,532
2472,"16205","013001","4","","","","富山県","氷見市","鞍川","裏出",289,129,160,-,98
2473,"16205","013002","4","","","","富山県","氷見市","鞍川","表出",231,111,120,2,100
2474,"16205","013003","4","","","","富山県","氷見市","鞍川","有磯",199,102,97,2,85
2475,"16205","013004","4","","","","富山県","氷見市","鞍川","横羽毛",111,41,70,17,47
2476,"16205","013005","4","","","","富山県","氷見市","鞍川","沖布",794,358,436,5,202
2477,"16205","0140","2","","","","富山県","氷見市","大野新","",182,90,92,3,65
2478,"16205","0150","3","","","","富山県","氷見市","加納","",1158,534,624,5,364
2479,"16205","015000","4","","","","富山県","氷見市","加納","",139,73,66,4,47
2480,"16205","015001","4","","","","富山県","氷見市","加納","谷内",153,71,82,-,45
2481,"16205","015002","4","","","","富山県","氷見市","加納","中程",265,122,143,-,85
2482,"16205","015003","4","","","","富山県","氷見市","加納","浦出",601,268,333,1,187
2483,"16205","0160","2","","","","富山県","氷見市","諏訪野","",392,182,210,1,133
2484,"16205","0170","2","","","","富山県","氷見市","間島","",242,117,125,-,87
2485,"16205","0180","3","","","","富山県","氷見市","稲積","",878,442,436,1,280
2486,"16205","018001","4","","","","富山県","氷見市","稲積","上稲積",543,275,268,1,171
2487,"16205","018002","4","","","","富山県","氷見市","稲積","下稲積",335,167,168,-,109
2488,"16205","0190","2","","","","富山県","氷見市","窪","",3789,1840,1949,46,1391
2489,"16205","0200","2","","","","富山県","氷見市","柳田","",3425,1681,1744,28,1200
2490,"16205","0210","2","","","","富山県","氷見市","園","",1194,574,620,16,439
2491,"16205","0220","2","","","","富山県","氷見市","島尾","",2018,918,1100,14,683
2492,"16205","0230","2","","","","富山県","氷見市","宮田","",367,181,186,3,122
2493,"16205","0240","2","","","","富山県","氷見市","上泉","",642,291,351,50,251
2494,"16205","0250","2","","","","富山県","氷見市","下田子","",449,235,214,12,166
2495,"16205","0260","2","","","","富山県","氷見市","上田子","",446,236,210,63,206
2496,"16205","0270","2","","","","富山県","氷見市","小竹","",116,60,56,-,41
2497,"16205","0280","3","","","","富山県","氷見市","十二町","",919,448,471,4,314
2498,"16205","028001","4","","","","富山県","氷見市","十二町","上十二町（坂津）",337,169,168,1,102
2499,"16205","028002","4","","","","富山県","氷見市","十二町","下十二町（矢崎）",582,279,303,3,212
2500,"16205","0290","2","","","","富山県","氷見市","万尾","",174,81,93,-,55
2501,"16205","0300","2","","","","富山県","氷見市","川尻","",180,87,93,2,50
2502,"16205","0310","2","","","","富山県","氷見市","海津","",71,33,38,-,18
2503,"16205","0320","2","","","","富山県","氷見市","下久津呂","",206,97,109,-,60
2504,"16205","0330","2","","","","富山県","氷見市","上久津呂","",158,83,75,1,46
2505,"16205","0340","2","","","","富山県","氷見市","粟原","",176,95,81,1,47
2506,"16205","0350","2","","","","富山県","氷見市","中谷内","",153,75,78,-,50
2507,"16205","0360","2","","","","富山県","氷見市","西朴木","",80,38,42,1,32
2508,"16205","0390","2","","","","富山県","氷見市","川崎","",136,64,72,-,43
2509,"16205","0400","2","","","","富山県","氷見市","布施","",193,99,94,-,57
2510,"16205","0410","2","","","","富山県","氷見市","深原","",134,65,69,2,41
2511,"16205","0420","3","","","","富山県","氷見市","飯久保","",842,411,431,1,270
2512,"16205","042001","4","","","","富山県","氷見市","飯久保","寺飯久保",757,374,383,1,241
2513,"16205","042002","4","","","","富山県","氷見市","飯久保","城飯久保",85,37,48,-,29
2514,"16205","0430","3","","","","富山県","氷見市","矢田部","",158,77,81,-,50
2515,"16205","043001","4","秘匿地域","043002","","富山県","氷見市","矢田部","三田窪",X,X,X,X,X
2516,"16205","043002","4","合算地域あり","","043001","富山県","氷見市","矢田部","上矢田部",87,41,46,-,27
2517,"16205","043003","4","","","","富山県","氷見市","矢田部","下矢田部",71,36,35,-,23
2518,"16205","0440","2","","","","富山県","氷見市","大浦","",483,229,254,-,162
2519,"16205","0450","2","","","","富山県","氷見市","堀田","",636,288,348,11,163
2520,"16205","0460","2","","","","富山県","氷見市","神代","",156,78,78,1,48
2521,"16205","0470","2","","","","富山県","氷見市","蒲田","",73,38,35,-,22
2522,"16205","0480","2","","","","富山県","氷見市","矢方","",46,22,24,-,14
2523,"16205","0490","2","","","","富山県","氷見市","大浦新町","",162,110,52,-,96
2524,"16205","0500","2","","","","富山県","氷見市","中島","",51,24,27,-,19
2525,"16205","0510","2","","","","富山県","氷見市","惣領","",199,94,105,-,61
2526,"16205","0520","3","","","","富山県","氷見市","鞍骨","",248,113,135,-,89
2527,"16205","052001","4","","","","富山県","氷見市","鞍骨","鉾根",50,25,25,-,22
2528,"16205","052002","4","","","","富山県","氷見市","鞍骨","",198,88,110,-,67
2529,"16205","0530","3","","","","富山県","氷見市","仏生寺","",470,232,238,8,168
2530,"16205","053001","4","","","","富山県","氷見市","仏生寺","大窪",44,20,24,-,11
2531,"16205","053002","4","","","","富山県","氷見市","仏生寺","寺中",116,58,58,2,40
2532,"16205","053003","4","","","","富山県","氷見市","仏生寺","上中",67,32,35,-,30
2533,"16205","053004","4","","","","富山県","氷見市","仏生寺","脇之谷内",113,56,57,-,40
2534,"16205","053005","4","","","","富山県","氷見市","仏生寺","大覚口",69,35,34,6,21
2535,"16205","053006","4","","","","富山県","氷見市","仏生寺","吉池",22,8,14,-,7
2536,"16205","053007","4","合算地域あり","","053008","富山県","氷見市","仏生寺","細越",39,23,16,-,19
2537,"16205","053008","4","秘匿地域","053007","","富山県","氷見市","仏生寺","上原",X,X,X,X,X
2538,"16205","0570","2","","","","富山県","氷見市","大野","",824,376,448,3,286
2539,"16205","0580","2","","","","富山県","氷見市","泉","",596,302,294,3,186
2540,"16205","0590","2","","","","富山県","氷見市","中尾","",126,58,68,-,34
2541,"16205","0600","2","","","","富山県","氷見市","上田","",253,121,132,3,92
2542,"16205","0610","2","","","","富山県","氷見市","柿谷","",378,175,203,-,136
2543,"16205","0620","2","","","","富山県","氷見市","七分一","",346,139,207,1,72
2544,"16205","0630","2","","","","富山県","氷見市","中村","",376,180,196,-,131
2545,"16205","0640","2","","","","富山県","氷見市","谷屋","",342,175,167,1,112
2546,"16205","0650","2","","","","富山県","氷見市","新保","",164,76,88,1,55
2547,"16205","0660","2","","","","富山県","氷見市","論田","",314,139,175,4,106
2548,"16205","0670","2","","","","富山県","氷見市","熊無","",262,135,127,1,96
2549,"16205","0680","2","","","","富山県","氷見市","小窪","",103,53,50,-,28
2550,"16205","0690","2","","","","富山県","氷見市","田江","",136,67,69,1,48
2551,"16205","0700","2","","","","富山県","氷見市","早借","",267,128,139,-,88
2552,"16205","0710","2","","","","富山県","氷見市","小久米","",174,94,80,-,55
2553,"16205","0720","2","","","","富山県","氷見市","日詰","",76,41,35,-,29
2554,"16205","0730","2","","","","富山県","氷見市","日名田","",218,96,122,-,75
2555,"16205","0740","2","","","","富山県","氷見市","三尾","",72,31,41,1,34
2556,"16205","0750","2","合算地域あり","","0760","富山県","氷見市","床鍋","",44,20,24,-,26
2557,"16205","0760","2","秘匿地域","0750","","富山県","氷見市","葛葉","",X,X,X,X,X
2558,"16205","0770","2","","","","富山県","氷見市","久目","",248,126,122,-,98
2559,"16205","0780","2","","","","富山県","氷見市","触坂","",294,139,155,-,103
2560,"16205","0790","2","","","","富山県","氷見市","桑院","",94,48,46,-,35
2561,"16205","0800","3","","","","富山県","氷見市","赤毛","",63,24,39,-,28
2562,"16205","080001","4","","","","富山県","氷見市","赤毛","",29,10,19,-,10
2563,"16205","080002","4","","","","富山県","氷見市","赤毛","土倉",34,14,20,-,18
2564,"16205","0810","2","","","","富山県","氷見市","坪池","",46,21,25,1,20
2565,"16205","0820","3","","","","富山県","氷見市","棚懸","",91,46,45,1,37
2566,"16205","082001","4","","","","富山県","氷見市","棚懸","一の島",45,24,21,-,16
2567,"16205","082002","4","","","","富山県","氷見市","棚懸","棚懸",46,22,24,1,21
2568,"16205","0830","3","","","","富山県","氷見市","岩瀬","",145,77,68,-,62
2569,"16205","083001","4","","","","富山県","氷見市","岩瀬","下岩瀬",87,48,39,-,33
2570,"16205","083002","4","","","","富山県","氷見市","岩瀬","上岩瀬",58,29,29,-,29
2571,"16205","0840","2","","","","富山県","氷見市","老谷","",26,12,14,-,11
2572,"16205","0850","2","","","","富山県","氷見市","見内","",59,29,30,-,16
2573,"16205","0860","3","","","","富山県","氷見市","余川","",728,347,381,1,233
2574,"16205","086001","4","","","","富山県","氷見市","余川","第一",130,64,66,-,41
2575,"16205","086002","4","","","","富山県","氷見市","余川","第二",109,54,55,-,39
2576,"16205","086003","4","","","","富山県","氷見市","余川","第三",57,25,32,-,23
2577,"16205","086004","4","","","","富山県","氷見市","余川","第四",173,85,88,1,50
2578,"16205","086005","4","","","","富山県","氷見市","余川","第五",75,40,35,-,22
2579,"16205","086006","4","","","","富山県","氷見市","余川","第六",91,42,49,-,30
2580,"16205","086007","4","","","","富山県","氷見市","余川","第七",93,37,56,-,28
2581,"16205","0870","2","","","","富山県","氷見市","上余川","",180,89,91,-,65
2582,"16205","0880","2","","","","富山県","氷見市","寺尾","",39,18,21,-,18
2583,"16205","0890","2","合算地域あり","","0900","富山県","氷見市","懸札","",77,36,41,-,42
2584,"16205","0900","2","秘匿地域","0890","","富山県","氷見市","吉懸","",X,X,X,X,X
2585,"16205","0910","2","","","","富山県","氷見市","一刎","",162,81,81,1,75
2586,"16205","0920","2","","","","富山県","氷見市","味川","",67,30,37,-,30
2587,"16205","0930","2","","","","富山県","氷見市","吉滝","",156,71,85,-,62
2588,"16205","0940","2","","","","富山県","氷見市","磯辺","",101,47,54,-,44
2589,"16205","0950","2","","","","富山県","氷見市","針木","",24,13,11,-,13
2590,"16205","0960","3","","","","富山県","氷見市","角間","",67,34,33,-,39
2591,"16205","096001","4","","","","富山県","氷見市","角間","城戸",25,13,12,-,11
2592,"16205","096002","4","","","","富山県","氷見市","角間","村木",25,12,13,-,17
2593,"16205","096003","4","","","","富山県","氷見市","角間","中田浦",17,9,8,-,11
2594,"16205","0970","2","","","","富山県","氷見市","小滝","",30,13,17,-,14
2595,"16205","0980","2","合算地域あり","","0990","富山県","氷見市","国見","",13,7,6,-,8
2596,"16205","0990","2","秘匿地域","0980","","富山県","氷見市","胡桃","",X,X,X,X,X
2597,"16205","1000","2","","","","富山県","氷見市","阿尾","",933,399,534,1,285
2598,"16205","1010","2","","","","富山県","氷見市","指崎","",193,97,96,2,67
2599,"16205","1020","2","","","","富山県","氷見市","森寺","",176,86,90,-,59
2600,"16205","1030","2","","","","富山県","氷見市","北八代","",124,64,60,-,48
2601,"16205","1040","3","合算地域あり","","104001;104002","富山県","氷見市","藪田","",377,157,220,1,115
2602,"16205","104001","4","秘匿地域","1040","","富山県","氷見市","藪田","",X,X,X,X,X
2603,"16205","104002","4","秘匿地域","1040","","富山県","氷見市","藪田","見田窪",X,X,X,X,X
2604,"16205","1050","2","","","","富山県","氷見市","小杉","",203,97,106,1,70
2605,"16205","1060","2","","","","富山県","氷見市","泊","",172,85,87,1,69
2606,"16205","1070","2","","","","富山県","氷見市","宇波","",471,222,249,-,178
2607,"16205","1080","2","","","","富山県","氷見市","脇方","",171,74,97,2,64
2608,"16205","1090","2","","","","富山県","氷見市","小境","",138,65,73,-,45
2609,"16205","1100","2","","","","富山県","氷見市","大境","",136,66,70,-,46
2610,"16205","1110","2","","","","富山県","氷見市","白川","",212,104,108,-,85
2611,"16205","1130","3","","","","富山県","氷見市","戸津宮","",113,55,58,1,48
2612,"16205","113001","4","","","","富山県","氷見市","戸津宮","上戸津宮",37,20,17,-,19
2613,"16205","113002","4","","","","富山県","氷見市","戸津宮","下戸津宮",76,35,41,1,29
2614,"16205","1150","2","","","","富山県","氷見市","姿","",152,65,87,-,59
2615,"16205","1160","2","","","","富山県","氷見市","中田","",178,80,98,-,74
2616,"16205","1170","3","","","","富山県","氷見市","中波","",252,120,132,-,105
2617,"16205","117001","4","","","","富山県","氷見市","中波","平の山",11,6,5,-,5
2618,"16205","117002","4","","","","富山県","氷見市","中波","",241,114,127,-,100
2619,"16205","1180","2","","","","富山県","氷見市","脇","",97,48,49,-,35
2620,"16205","1190","2","合算地域あり","","1240","富山県","氷見市","長坂","",95,54,41,-,41
2621,"16205","1200","2","","","","富山県","氷見市","平沢","",19,8,11,-,14
2622,"16205","1210","2","","","","富山県","氷見市","吉岡","",20,12,8,-,8
2623,"16205","1220","2","","","","富山県","氷見市","平","",9,5,4,-,6
2624,"16205","1230","2","","","","富山県","氷見市","湖光","",104,53,51,-,34
2625,"16205","1240","2","秘匿地域","1190","","富山県","氷見市","大窪","",X,X,X,X,X
2626,"16206","-","1","","","","富山県","滑川市","","",32349,15750,16599,387,12115
2627,"16206","0010","2","","","","富山県","滑川市","常盤町","",476,207,269,6,200
2628,"16206","0020","2","","","","富山県","滑川市","吾妻町","",320,162,158,14,146
2629,"16206","0030","2","","","","富山県","滑川市","北町","",33,16,17,-,13
2630,"16206","0040","2","","","","富山県","滑川市","三穂町","",37,18,19,-,22
2631,"16206","0050","2","","","","富山県","滑川市","神明町","",79,33,46,-,35
2632,"16206","0060","2","","","","富山県","滑川市","今町","",27,13,14,-,14
2633,"16206","0070","2","","","","富山県","滑川市","武平太町","",30,13,17,-,14
2634,"16206","0080","2","","","","富山県","滑川市","四間町","",114,49,65,1,58
2635,"16206","0090","2","","","","富山県","滑川市","中町","",74,35,39,-,39
2636,"16206","0100","2","合算地域あり","","0120;0130","富山県","滑川市","荒町","",36,16,20,-,17
2637,"16206","0110","2","","","","富山県","滑川市","松原町","",16,9,7,-,8
2638,"16206","0120","2","秘匿地域","0100","","富山県","滑川市","馬町","",X,X,X,X,X
2639,"16206","0130","2","秘匿地域","0100","","富山県","滑川市","瓢町","",X,X,X,X,X
2640,"16206","0140","2","合算地域あり","","0150","富山県","滑川市","大町","",36,15,21,4,19
2641,"16206","0150","2","秘匿地域","0140","","富山県","滑川市","河浦町","",X,X,X,X,X
2642,"16206","0160","2","","","","富山県","滑川市","寺家町","",159,74,85,1,70
2643,"16206","0170","2","","","","富山県","滑川市","下小泉町","",308,148,160,2,127
2644,"16206","0180","2","","","","富山県","滑川市","清水町","",610,281,329,6,222
2645,"16206","0190","2","","","","富山県","滑川市","神家町","",57,26,31,-,28
2646,"16206","0200","2","","","","富山県","滑川市","中川原","",679,322,357,6,268
2647,"16206","0210","2","","","","富山県","滑川市","辰野","",661,317,344,1,268
2648,"16206","0220","2","","","","富山県","滑川市","田中町","",309,140,169,6,126
2649,"16206","0230","2","","","","富山県","滑川市","田中新町","",665,317,348,2,270
2650,"16206","0240","2","","","","富山県","滑川市","浜町","",21,11,10,-,8
2651,"16206","0250","2","","","","富山県","滑川市","山王町","",10,6,4,-,5
2652,"16206","0260","2","","","","富山県","滑川市","横町","",10,4,6,-,6
2653,"16206","0270","2","合算地域あり","","0280","富山県","滑川市","瀬羽町","",50,24,26,2,25
2654,"16206","0280","2","秘匿地域","0270","","富山県","滑川市","橋場町","",X,X,X,X,X
2655,"16206","0290","2","","","","富山県","滑川市","河端町","",229,122,107,5,94
2656,"16206","0300","2","","","","富山県","滑川市","加島町","",532,261,271,3,218
2657,"16206","0310","2","","","","富山県","滑川市","新富町","",56,30,26,5,21
2658,"16206","0320","2","","","","富山県","滑川市","領家町","",368,184,184,1,163
2659,"16206","0330","2","","","","富山県","滑川市","高月町","",642,320,322,7,260
2660,"16206","0340","2","","","","富山県","滑川市","坪川","",785,378,407,1,336
2661,"16206","0350","2","","","","富山県","滑川市","坪川新","",86,48,38,-,40
2662,"16206","0360","2","","","","富山県","滑川市","高塚","",499,242,257,-,204
2663,"16206","0370","2","","","","富山県","滑川市","曲渕","",212,100,112,-,68
2664,"16206","0380","2","","","","富山県","滑川市","荒俣","",399,174,225,-,159
2665,"16206","0390","2","","","","富山県","滑川市","二ツ破","",159,79,80,2,51
2666,"16206","0400","2","","","","富山県","滑川市","大島新","",132,57,75,-,40
2667,"16206","0410","2","","","","富山県","滑川市","中野島","",738,381,357,11,288
2668,"16206","0420","2","","","","富山県","滑川市","浜四ツ屋","",87,39,48,-,32
2669,"16206","0430","2","","","","富山県","滑川市","北野","",1668,824,844,78,631
2670,"16206","0440","2","","","","富山県","滑川市","四ツ屋","",631,324,307,17,224
2671,"16206","0450","2","","","","富山県","滑川市","笠木","",231,116,115,1,72
2672,"16206","0460","2","","","","富山県","滑川市","吉浦","",158,57,101,-,32
2673,"16206","0470","2","","","","富山県","滑川市","三ケ","",74,36,38,-,23
2674,"16206","0480","2","","","","富山県","滑川市","大掛","",147,70,77,1,48
2675,"16206","0490","2","","","","富山県","滑川市","大窪","",89,41,48,1,29
2676,"16206","0500","2","","","","富山県","滑川市","大島","",150,75,75,1,53
2677,"16206","0510","2","","","","富山県","滑川市","中村","",226,104,122,2,76
2678,"16206","0520","2","","","","富山県","滑川市","栗山","",300,146,154,-,87
2679,"16206","0530","2","","","","富山県","滑川市","追分","",792,394,398,2,274
2680,"16206","0540","2","","","","富山県","滑川市","柳原","",1843,920,923,16,743
2681,"16206","0550","2","","","","富山県","滑川市","野町","",539,224,315,4,152
2682,"16206","0560","2","","","","富山県","滑川市","栃山","",59,26,33,-,23
2683,"16206","0570","2","","","","富山県","滑川市","金屋","",87,40,47,-,28
2684,"16206","0580","2","","","","富山県","滑川市","二塚","",60,31,29,-,26
2685,"16206","0590","2","","","","富山県","滑川市","四屋新","",33,17,16,-,12
2686,"16206","0600","2","","","","富山県","滑川市","杉本","",157,81,76,1,60
2687,"16206","0610","2","","","","富山県","滑川市","法花寺","",139,68,71,-,56
2688,"16206","0620","2","","","","富山県","滑川市","中新","",200,107,93,1,63
2689,"16206","0630","2","","","","富山県","滑川市","中塚","",82,40,42,-,27
2690,"16206","0640","2","","","","富山県","滑川市","稲泉","",96,48,48,-,30
2691,"16206","0650","2","","","","富山県","滑川市","稲泉新","",59,31,28,-,21
2692,"16206","0660","2","","","","富山県","滑川市","宮窪","",341,175,166,1,131
2693,"16206","0670","2","","","","富山県","滑川市","宮窪新","",41,21,20,-,15
2694,"16206","0680","2","","","","富山県","滑川市","七口","",231,113,118,2,86
2695,"16206","0690","2","","","","富山県","滑川市","横道","",263,122,141,-,85
2696,"16206","0700","2","","","","富山県","滑川市","大榎","",106,51,55,1,41
2697,"16206","0710","2","","","","富山県","滑川市","大崎野","",148,75,73,-,50
2698,"16206","0720","2","","","","富山県","滑川市","大浦","",279,134,145,4,95
2699,"16206","0730","2","","","","富山県","滑川市","道寺","",49,22,27,-,17
2700,"16206","0740","2","","","","富山県","滑川市","野尻","",21,9,12,-,6
2701,"16206","0750","2","合算地域あり","","0850","富山県","滑川市","大日","",12,4,8,1,5
2702,"16206","0760","2","","","","富山県","滑川市","室山","",17,6,11,-,6
2703,"16206","0770","2","","","","富山県","滑川市","千鳥","",11,7,4,-,5
2704,"16206","0780","2","","","","富山県","滑川市","中野","",40,19,21,2,14
2705,"16206","0790","2","","","","富山県","滑川市","下野","",136,65,71,-,43
2706,"16206","0800","2","","","","富山県","滑川市","東福寺開","",80,40,40,-,23
2707,"16206","0810","2","","","","富山県","滑川市","開","",343,169,174,1,125
2708,"16206","0820","2","","","","富山県","滑川市","改養寺","",78,29,49,23,43
2709,"16206","0830","2","","","","富山県","滑川市","東金屋","",67,27,40,1,24
2710,"16206","0840","2","","","","富山県","滑川市","森野新","",65,33,32,-,18
2711,"16206","0850","2","秘匿地域","0750","","富山県","滑川市","蓑輪","",X,X,X,X,X
2712,"16206","0860","2","","","","富山県","滑川市","堀江","",617,301,316,12,234
2713,"16206","0870","2","","","","富山県","滑川市","常光寺","",433,211,222,-,164
2714,"16206","0880","2","","","","富山県","滑川市","安田","",191,97,94,2,64
2715,"16206","0890","2","","","","富山県","滑川市","柴","",315,153,162,-,112
2716,"16206","0900","2","","","","富山県","滑川市","高柳","",277,133,144,-,98
2717,"16206","0910","2","","","","富山県","滑川市","小林","",296,149,147,2,96
2718,"16206","0920","2","","","","富山県","滑川市","赤浜","",632,293,339,-,191
2719,"16206","0930","2","合算地域あり","","0940","富山県","滑川市","寺町","",111,51,60,-,41
2720,"16206","0940","2","秘匿地域","0930","","富山県","滑川市","森尻新","",X,X,X,X,X
2721,"16206","0950","2","","","","富山県","滑川市","上小泉","",3810,1916,1894,65,1476
2722,"16206","0960","2","","","","富山県","滑川市","上梅沢","",854,435,419,2,284
2723,"16206","0970","2","","","","富山県","滑川市","下梅沢","",1115,540,575,20,389
2724,"16206","0980","2","","","","富山県","滑川市","上島","",674,328,346,1,216
2725,"16206","0990","2","","","","富山県","滑川市","沖田新","",123,62,61,1,57
2726,"16206","1000","2","","","","富山県","滑川市","下島","",621,288,333,10,238
2727,"16206","1010","2","","","","富山県","滑川市","有金","",742,371,371,5,261
2728,"16206","1020","2","","","","富山県","滑川市","菰原","",784,397,387,16,281
2729,"16206","1030","2","","","","富山県","滑川市","江尻","",111,53,58,1,37
2730,"16206","1040","2","","","","富山県","滑川市","魚躬","",275,138,137,1,102
2731,"16206","1050","2","","","","富山県","滑川市","本江","",175,82,93,1,59
2732,"16206","1060","2","","","","富山県","滑川市","小森","",90,40,50,-,30
2733,"16206","1070","2","","","","富山県","滑川市","田林","",88,40,48,-,31
2734,"16206","1080","2","","","","富山県","滑川市","東福寺","",43,22,21,-,17
2735,"16206","1090","2","","","","富山県","滑川市","東福寺野","",83,38,45,1,33
2736,"16207","-","1","","","","富山県","黒部市","","",39638,19514,20124,315,15238
2737,"16207","0010","2","","","","富山県","黒部市","生地","",1260,648,612,2,479
2738,"16207","0020","2","","","","富山県","黒部市","生地","",416,196,220,1,186
2739,"16207","0030","2","","","","富山県","黒部市","生地","",386,181,205,1,151
2740,"16207","0040","2","","","","富山県","黒部市","生地","",169,73,96,-,79
2741,"16207","0050","2","","","","富山県","黒部市","生地","",481,221,260,-,186
2742,"16207","0060","2","","","","富山県","黒部市","生地山新","",242,123,119,2,117
2743,"16207","0070","2","","","","富山県","黒部市","生地芦崎","",519,247,272,3,213
2744,"16207","0080","2","","","","富山県","黒部市","犬山","",574,288,286,3,207
2745,"16207","0090","2","","","","富山県","黒部市","浜石田","",671,335,336,1,255
2746,"16207","0100","2","","","","富山県","黒部市","石田","",344,165,179,3,128
2747,"16207","0110","2","","","","富山県","黒部市","石田","",1565,780,785,2,615
2748,"16207","0120","2","","","","富山県","黒部市","立野","",1088,532,556,7,406
2749,"16207","0130","2","","","","富山県","黒部市","堀切","",1083,608,475,19,616
2750,"16207","0140","2","","","","富山県","黒部市","天神新","",605,312,293,17,326
2751,"16207","0150","2","","","","富山県","黒部市","荒町","",533,252,281,10,191
2752,"16207","0160","2","","","","富山県","黒部市","田家新","",968,494,474,9,386
2753,"16207","0170","2","合算地域あり","","0180","富山県","黒部市","山田","",825,353,472,4,235
2754,"16207","0180","2","秘匿地域","0170","","富山県","黒部市","阿古屋野","",X,X,X,X,X
2755,"16207","0190","2","","","","富山県","黒部市","窪野","",16,7,9,-,6
2756,"16207","0200","2","","","","富山県","黒部市","神谷","",126,70,56,8,50
2757,"16207","0210","2","","","","富山県","黒部市","田家野","",591,288,303,8,181
2758,"16207","0220","2","","","","富山県","黒部市","鏡野","",43,19,24,-,15
2759,"16207","0230","2","","","","富山県","黒部市","飯沢","",544,277,267,5,192
2760,"16207","0240","2","","","","富山県","黒部市","吉田","",587,282,305,7,199
2761,"16207","0250","2","","","","富山県","黒部市","出島","",330,154,176,2,108
2762,"16207","0260","2","","","","富山県","黒部市","六天","",278,141,137,1,101
2763,"16207","0270","2","","","","富山県","黒部市","荒俣","",401,190,211,1,149
2764,"16207","0280","2","","","","富山県","黒部市","飛騨","",510,255,255,-,163
2765,"16207","0290","2","","","","富山県","黒部市","中新","",947,472,475,10,348
2766,"16207","0300","2","","","","富山県","黒部市","堀高","",860,412,448,-,318
2767,"16207","0310","2","","","","富山県","黒部市","高橋","",61,30,31,-,22
2768,"16207","0320","2","","","","富山県","黒部市","堀切新","",387,191,196,1,167
2769,"16207","0330","2","","","","富山県","黒部市","植木","",1693,863,830,23,642
2770,"16207","0340","2","","","","富山県","黒部市","沓掛","",881,446,435,10,345
2771,"16207","0350","2","","","","富山県","黒部市","金屋","",511,271,240,13,199
2772,"16207","0360","2","","","","富山県","黒部市","北野","",121,64,57,-,46
2773,"16207","0370","2","","","","富山県","黒部市","古御堂","",256,133,123,-,89
2774,"16207","0380","2","","","","富山県","黒部市","栃沢","",327,167,160,1,105
2775,"16207","0390","2","","","","富山県","黒部市","三日市","",309,147,162,-,132
2776,"16207","0400","2","","","","富山県","黒部市","新天","",421,208,213,1,155
2777,"16207","0410","2","","","","富山県","黒部市","三日市","",70,32,38,-,27
2778,"16207","0420","2","","","","富山県","黒部市","三日市","",506,235,271,-,202
2779,"16207","0430","2","","","","富山県","黒部市","三日市","",867,414,453,5,363
2780,"16207","0440","2","","","","富山県","黒部市","三日市","",212,103,109,1,83
2781,"16207","0450","2","","","","富山県","黒部市","三日市","",338,148,190,-,149
2782,"16207","0460","2","","","","富山県","黒部市","三日市","",755,384,371,5,315
2783,"16207","0470","2","","","","富山県","黒部市","三日市","",472,269,203,19,259
2784,"16207","0480","2","","","","富山県","黒部市","三日市","",1166,549,617,12,453
2785,"16207","0491","2","","","","富山県","黒部市","前沢","",1292,627,665,21,449
2786,"16207","0492","2","","","","富山県","黒部市","堂田","",153,80,73,-,50
2787,"16207","0500","2","","","","富山県","黒部市","山田新","",468,231,237,6,163
2788,"16207","0510","2","","","","富山県","黒部市","吉城寺","",86,46,40,1,23
2789,"16207","0520","2","","","","富山県","黒部市","栗寺","",39,19,20,2,13
2790,"16207","0530","2","","","","富山県","黒部市","宮野","",38,15,23,-,11
2791,"16207","0540","2","","","","富山県","黒部市","本野","",21,11,10,-,7
2792,"16207","0550","2","","","","富山県","黒部市","石田野","",12,6,6,-,5
2793,"16207","0560","2","","","","富山県","黒部市","枕野","",32,11,21,-,8
2794,"16207","0570","2","","","","富山県","黒部市","宮沢","",41,24,17,-,15
2795,"16207","0580","2","合算地域あり","","0810","富山県","黒部市","中山","",52,30,22,-,21
2796,"16207","0590","2","","","","富山県","黒部市","荻生","",405,184,221,-,136
2797,"16207","0600","2","","","","富山県","黒部市","荻生","",277,146,131,1,113
2798,"16207","0610","2","","","","富山県","黒部市","荻生","",810,382,428,9,291
2799,"16207","0620","2","","","","富山県","黒部市","荻生","",171,80,91,-,70
2800,"16207","0630","2","","","","富山県","黒部市","荻生","",196,94,102,-,58
2801,"16207","0640","2","","","","富山県","黒部市","荻生","",125,63,62,1,39
2802,"16207","0650","2","","","","富山県","黒部市","荻生","",155,74,81,-,50
2803,"16207","0660","2","","","","富山県","黒部市","荻生","",511,266,245,2,194
2804,"16207","0670","2","","","","富山県","黒部市","荻生","",206,103,103,1,63
2805,"16207","0680","2","","","","富山県","黒部市","五郎八","",68,32,36,-,24
2806,"16207","0690","2","","","","富山県","黒部市","荻生","",279,137,142,1,95
2807,"16207","0700","2","","","","富山県","黒部市","荻生","",165,80,85,-,54
2808,"16207","0710","2","","","","富山県","黒部市","若栗","",176,87,89,-,56
2809,"16207","0720","2","","","","富山県","黒部市","若栗","",298,142,156,4,109
2810,"16207","0730","2","","","","富山県","黒部市","若栗","",216,105,111,-,68
2811,"16207","0740","2","","","","富山県","黒部市","舌山","",572,294,278,8,220
2812,"16207","0750","2","","","","富山県","黒部市","若栗","",221,104,117,3,72
2813,"16207","0760","2","","","","富山県","黒部市","若栗","",74,38,36,-,25
2814,"16207","0770","2","","","","富山県","黒部市","若栗","",101,53,48,-,33
2815,"16207","0780","2","","","","富山県","黒部市","大越野","",73,42,31,-,21
2816,"16207","0790","2","","","","富山県","黒部市","舌山","",187,59,128,-,36
2817,"16207","0800","2","","","","富山県","黒部市","若栗","",143,71,72,-,52
2818,"16207","0810","2","秘匿地域","0580","","富山県","黒部市","別所","",X,X,X,X,X
2819,"16207","0820","2","","","","富山県","黒部市","柳沢","",16,9,7,-,7
2820,"16207","0830","2","","","","富山県","黒部市","中陣","",226,121,105,-,70
2821,"16207","0840","2","","","","富山県","黒部市","朴谷","",83,39,44,1,29
2822,"16207","0850","2","","","","富山県","黒部市","尾山","",162,74,88,-,52
2823,"16207","0860","2","","","","富山県","黒部市","阿弥陀堂","",54,25,29,-,26
2824,"16207","0870","2","","","","富山県","黒部市","釈迦堂","",138,62,76,-,48
2825,"16207","0880","2","","","","富山県","黒部市","内生谷","",89,47,42,2,35
2826,"16207","0890","2","","","","富山県","黒部市","笠破","",84,43,41,-,30
2827,"16207","0900","2","","","","富山県","黒部市","池尻","",56,26,30,-,20
2828,"16207","0910","2","","","","富山県","黒部市","福平","",24,13,11,-,15
2829,"16207","0920","2","","","","富山県","黒部市","田籾","",35,16,19,-,16
2830,"16207","0930","2","","","","富山県","黒部市","嘉例沢","",-,-,-,-,-
2831,"16207","0940","2","","","","富山県","黒部市","栃屋","",520,253,267,7,174
2832,"16207","0950","2","","","","富山県","黒部市","浦山","",1554,745,809,7,544
2833,"16207","0960","2","","","","富山県","黒部市","下立","",966,450,516,1,335
2834,"16207","0970","2","","","","富山県","黒部市","愛本新","",269,129,140,-,108
2835,"16207","0980","2","","","","富山県","黒部市","明日","",245,115,130,-,101
2836,"16207","0990","2","","","","富山県","黒部市","愛本新","",89,38,51,-,38
2837,"16207","1000","2","","","","富山県","黒部市","栗虫","",26,12,14,-,17
2838,"16207","1010","2","","","","富山県","黒部市","音沢","",180,89,91,-,78
2839,"16207","1020","2","","","","富山県","黒部市","内山","",387,180,207,-,181
2840,"16207","1030","2","","","","富山県","黒部市","宇奈月温泉","",446,257,189,20,300
2841,"16207","1040","2","","","","富山県","黒部市","宇奈月温泉","",11,6,5,-,11
2842,"16208","-","1","","","","富山県","砺波市","","",48154,23419,24735,709,17147
2843,"16208","0010","2","","","","富山県","砺波市","一番町","",267,125,142,7,135
2844,"16208","0020","2","","","","富山県","砺波市","永福町","",305,148,157,2,123
2845,"16208","0030","2","","","","富山県","砺波市","表町","",392,173,219,4,161
2846,"16208","0040","2","","","","富山県","砺波市","寿町","",183,63,120,1,54
2847,"16208","0050","2","","","","富山県","砺波市","幸町","",235,125,110,1,138
2848,"16208","0060","2","","","","富山県","砺波市","栄町","",267,128,139,2,126
2849,"16208","0070","2","","","","富山県","砺波市","山王町","",200,87,113,2,121
2850,"16208","0080","2","","","","富山県","砺波市","新富町","",236,122,114,7,92
2851,"16208","0090","2","","","","富山県","砺波市","中央町","",180,86,94,2,85
2852,"16208","0100","2","","","","富山県","砺波市","花園町","",-,-,-,-,-
2853,"16208","0110","2","","","","富山県","砺波市","春日町","",263,126,137,14,135
2854,"16208","0120","2","","","","富山県","砺波市","東幸町","",28,15,13,-,15
2855,"16208","0130","2","","","","富山県","砺波市","広上町","",419,202,217,1,164
2856,"16208","0140","2","","","","富山県","砺波市","平和町","",137,66,71,2,61
2857,"16208","0150","2","","","","富山県","砺波市","本町","",367,181,186,2,160
2858,"16208","0160","2","","","","富山県","砺波市","三島町","",299,147,152,2,105
2859,"16208","0170","2","","","","富山県","砺波市","宮沢町","",112,58,54,-,42
2860,"16208","0191","2","","","","富山県","砺波市","若草町","",180,94,86,1,91
2861,"16208","0200","2","","","","富山県","砺波市","太郎丸","",651,335,316,17,302
2862,"16208","0210","2","","","","富山県","砺波市","神島","",567,244,323,-,182
2863,"16208","0220","2","","","","富山県","砺波市","深江","",468,234,234,1,171
2864,"16208","0240","2","","","","富山県","砺波市","大辻","",164,80,84,4,63
2865,"16208","0250","2","","","","富山県","砺波市","鷹栖出","",311,166,145,-,89
2866,"16208","0260","2","","","","富山県","砺波市","大門","",442,231,211,1,143
2867,"16208","0270","2","","","","富山県","砺波市","矢木","",818,403,415,27,299
2868,"16208","0280","2","","","","富山県","砺波市","宮村","",472,223,249,-,154
2869,"16208","0291","2","","","","富山県","砺波市","高道","",387,201,186,13,167
2870,"16208","0292","2","","","","富山県","砺波市","坪内","",216,112,104,1,86
2871,"16208","0300","2","","","","富山県","砺波市","中野","",990,473,517,-,285
2872,"16208","0310","2","","","","富山県","砺波市","上中野","",240,109,131,2,76
2873,"16208","0320","2","","","","富山県","砺波市","新明","",377,183,194,6,113
2874,"16208","0330","2","","","","富山県","砺波市","五郎丸","",1246,594,652,6,402
2875,"16208","0340","2","","","","富山県","砺波市","荒高屋","",280,149,131,2,87
2876,"16208","0350","2","","","","富山県","砺波市","鹿島","",373,176,197,1,115
2877,"16208","0360","2","","","","富山県","砺波市","花島","",136,62,74,-,39
2878,"16208","0370","2","","","","富山県","砺波市","苗加","",1507,740,767,24,516
2879,"16208","0380","2","","","","富山県","砺波市","野村島","",400,192,208,-,117
2880,"16208","0390","2","","","","富山県","砺波市","鷹栖","",2816,1378,1438,48,895
2881,"16208","0400","2","","","","富山県","砺波市","狐島","",329,166,163,-,102
2882,"16208","0410","2","","","","富山県","砺波市","西中","",319,151,168,3,94
2883,"16208","0420","2","","","","富山県","砺波市","下中","",50,24,26,-,14
2884,"16208","0430","2","","","","富山県","砺波市","杉木","",352,181,171,5,130
2885,"16208","0440","2","","","","富山県","砺波市","小杉","",596,279,317,8,201
2886,"16208","0450","2","","","","富山県","砺波市","小島","",336,156,180,-,101
2887,"16208","0460","2","","","","富山県","砺波市","東中","",335,160,175,2,107
2888,"16208","0470","2","","","","富山県","砺波市","林","",1210,596,614,8,411
2889,"16208","0480","2","","","","富山県","砺波市","新栄町","",221,91,130,3,98
2890,"16208","0490","2","","","","富山県","砺波市","高波","",1321,645,676,10,393
2891,"16208","0500","2","","","","富山県","砺波市","中村","",710,384,326,31,328
2892,"16208","0510","2","","","","富山県","砺波市","新又","",68,29,39,1,25
2893,"16208","0520","2","","","","富山県","砺波市","十年明","",241,135,106,17,134
2894,"16208","0530","2","","","","富山県","砺波市","木下","",249,126,123,25,98
2895,"16208","0540","2","","","","富山県","砺波市","宮丸","",304,151,153,20,133
2896,"16208","0550","2","","","","富山県","砺波市","堀内","",177,69,108,-,37
2897,"16208","0560","2","","","","富山県","砺波市","三郎丸","",1249,592,657,63,489
2898,"16208","0570","2","","","","富山県","砺波市","千代","",813,414,399,29,355
2899,"16208","0580","2","","","","富山県","砺波市","石丸","",975,469,506,9,378
2900,"16208","0590","2","","","","富山県","砺波市","秋元","",713,336,377,1,229
2901,"16208","0600","2","","","","富山県","砺波市","千保","",552,265,287,7,186
2902,"16208","0610","2","","","","富山県","砺波市","大窪","",225,103,122,1,44
2903,"16208","0620","2","","","","富山県","砺波市","東石丸","",1248,620,628,7,415
2904,"16208","0630","2","","","","富山県","砺波市","柳瀬","",1861,890,971,22,551
2905,"16208","0640","2","","","","富山県","砺波市","東開発","",161,74,87,-,50
2906,"16208","0650","2","","","","富山県","砺波市","下中条","",73,37,36,-,23
2907,"16208","0660","2","","","","富山県","砺波市","太田","",1254,602,652,2,368
2908,"16208","0670","2","","","","富山県","砺波市","祖泉","",119,63,56,-,37
2909,"16208","0680","2","","","","富山県","砺波市","久泉","",148,75,73,2,49
2910,"16208","0690","2","","","","富山県","砺波市","安川","",542,252,290,18,181
2911,"16208","0700","2","","","","富山県","砺波市","茶ノ木","",27,14,13,-,10
2912,"16208","0710","2","","","","富山県","砺波市","頼成","",646,294,352,1,169
2913,"16208","0721","2","","","","富山県","砺波市","徳万","",264,136,128,1,73
2914,"16208","0722","2","","","","富山県","砺波市","三合新","",96,52,44,2,25
2915,"16208","0730","2","","","","富山県","砺波市","三合","",68,33,35,-,25
2916,"16208","0740","2","","","","富山県","砺波市","福山","",162,83,79,1,58
2917,"16208","0750","2","","","","富山県","砺波市","東保","",772,372,400,6,231
2918,"16208","0760","2","","","","富山県","砺波市","宮森","",256,116,140,2,75
2919,"16208","0770","2","","","","富山県","砺波市","権正寺","",161,82,79,1,45
2920,"16208","0780","2","","","","富山県","砺波市","八十歩","",127,78,49,-,60
2921,"16208","0790","2","","","","富山県","砺波市","福岡","",238,119,119,-,75
2922,"16208","0800","2","","","","富山県","砺波市","宮森新","",102,49,53,5,34
2923,"16208","0810","2","","","","富山県","砺波市","宮新","",45,25,20,-,13
2924,"16208","0820","2","","","","富山県","砺波市","増山","",193,93,100,-,64
2925,"16208","0830","2","","","","富山県","砺波市","上和田","",131,66,65,-,34
2926,"16208","0840","2","","","","富山県","砺波市","正権寺","",62,33,29,-,21
2927,"16208","0860","2","","","","富山県","砺波市","市谷","",62,29,33,-,19
2928,"16208","0870","2","","","","富山県","砺波市","池原","",52,25,27,-,15
2929,"16208","0880","2","","","","富山県","砺波市","芹谷","",74,37,37,1,26
2930,"16208","0890","2","","","","富山県","砺波市","頼成新","",72,33,39,-,22
2931,"16208","0900","2","","","","富山県","砺波市","川内","",24,13,11,-,10
2932,"16208","0910","2","","","","富山県","砺波市","五谷","",36,16,20,-,14
2933,"16208","0930","2","","","","富山県","砺波市","寺尾","",29,12,17,3,14
2934,"16208","0940","2","","","","富山県","砺波市","井栗谷","",94,47,47,1,38
2935,"16208","0950","2","","","","富山県","砺波市","栃上","",44,23,21,-,18
2936,"16208","0960","2","","","","富山県","砺波市","浅谷","",16,7,9,-,6
2937,"16208","0970","2","","","","富山県","砺波市","東別所","",129,61,68,-,52
2938,"16208","0980","2","","","","富山県","砺波市","となみ町","",246,119,127,4,113
2939,"16208","0990","2","","","","富山県","砺波市","太郎丸一丁目","",623,290,333,15,267
2940,"16208","1000","2","","","","富山県","砺波市","平成町","",265,133,132,8,90
2941,"16208","1010","2","","","","富山県","砺波市","豊町一丁目","",546,277,269,23,219
2942,"16208","1020","2","","","","富山県","砺波市","豊町二丁目","",323,190,133,6,180
2943,"16208","1030","2","","","","富山県","砺波市","深江一丁目","",441,223,218,14,222
2944,"16208","1040","2","","","","富山県","砺波市","鍋島","",322,158,164,10,131
2945,"16208","1050","2","","","","富山県","砺波市","太郎丸二丁目","",152,89,63,7,100
2946,"16208","1060","2","","","","富山県","砺波市","太郎丸三丁目","",139,71,68,11,68
2947,"16208","1070","2","","","","富山県","砺波市","庄川町金屋","",1671,774,897,7,577
2948,"16208","1080","2","","","","富山県","砺波市","庄川町前山","",-,-,-,-,-
2949,"16208","1090","2","","","","富山県","砺波市","庄川町小牧","",49,23,26,-,18
2950,"16208","1100","2","","","","富山県","砺波市","庄川町湯山","",46,25,21,-,17
2951,"16208","1110","2","","","","富山県","砺波市","庄川町横住","",-,-,-,-,-
2952,"16208","1120","2","合算地域あり","","1140","富山県","砺波市","庄川町落シ","",15,6,9,-,9
2953,"16208","1130","2","","","","富山県","砺波市","庄川町隠尾","",-,-,-,-,-
2954,"16208","1140","2","秘匿地域","1120","","富山県","砺波市","庄川町名ケ原","",X,X,X,X,X
2955,"16208","1150","2","","","","富山県","砺波市","庄川町青島","",1492,713,779,12,519
2956,"16208","1160","2","","","","富山県","砺波市","庄川町示野","",492,221,271,47,195
2957,"16208","1170","2","","","","富山県","砺波市","庄川町庄","",357,167,190,5,125
2958,"16208","1180","2","","","","富山県","砺波市","庄川町三谷","",375,186,189,-,127
2959,"16208","1190","2","","","","富山県","砺波市","庄川町天正","",268,140,128,-,86
2960,"16208","1200","2","","","","富山県","砺波市","庄川町五ケ","",224,101,123,1,69
2961,"16208","1210","2","","","","富山県","砺波市","庄川町古上野","",307,145,162,3,100
2962,"16208","1220","2","","","","富山県","砺波市","庄川町高儀新","",210,108,102,2,68
2963,"16208","1230","2","","","","富山県","砺波市","庄川町筏","",42,22,20,-,14
2964,"16208","1240","2","","","","富山県","砺波市","坪野","",44,22,22,-,12
2965,"16208","1250","2","","","","富山県","砺波市","出町中央","",197,93,104,1,69
2966,"16208","1260","2","","","","富山県","砺波市","杉木一丁目","",284,137,147,1,124
2967,"16208","1270","2","","","","富山県","砺波市","杉木二丁目","",472,232,240,8,187
2968,"16208","1280","2","","","","富山県","砺波市","杉木三丁目","",243,115,128,2,78
2969,"16208","1290","2","","","","富山県","砺波市","杉木四丁目","",190,93,97,1,73
2970,"16208","1300","2","","","","富山県","砺波市","杉木五丁目","",94,40,54,-,24
2971,"16208","1400","2","","","","富山県","砺波市","中神","",24,9,15,-,13
2972,"16208","1401","2","","","","富山県","砺波市","中神一丁目","",36,20,16,-,12
2973,"16208","1402","2","","","","富山県","砺波市","中神二丁目","",39,22,17,-,16
2974,"16208","1403","2","","","","富山県","砺波市","中神三丁目","",63,33,30,-,29
2975,"16208","1404","2","","","","富山県","砺波市","中神四丁目","",64,36,28,-,22
2976,"16208","1405","2","","","","富山県","砺波市","中神五丁目","",135,72,63,-,58
2977,"16209","-","1","","","","富山県","小矢部市","","",28983,13991,14992,514,9726
2978,"16209","0010","2","","","","富山県","小矢部市","城山町","",278,137,141,1,109
2979,"16209","0020","2","","","","富山県","小矢部市","八和町","",517,242,275,-,191
2980,"16209","0030","2","","","","富山県","小矢部市","畠中町","",371,191,180,3,105
2981,"16209","0040","2","","","","富山県","小矢部市","西福町","",567,268,299,2,202
2982,"16209","0050","2","","","","富山県","小矢部市","東福町","",389,185,204,5,152
2983,"16209","0060","3","","","","富山県","小矢部市","今石動町","",417,200,217,3,137
2984,"16209","006001","4","","","","富山県","小矢部市","今石動町","一丁目",242,112,130,-,73
2985,"16209","006002","4","","","","富山県","小矢部市","今石動町","二丁目",175,88,87,3,64
2986,"16209","0070","2","","","","富山県","小矢部市","新富町","",483,224,259,3,173
2987,"16209","0080","2","","","","富山県","小矢部市","中央町","",407,192,215,-,146
2988,"16209","0090","2","","","","富山県","小矢部市","観音町","",207,85,122,2,73
2989,"16209","0100","2","","","","富山県","小矢部市","西町","",376,174,202,1,158
2990,"16209","0110","2","","","","富山県","小矢部市","石動町","",468,213,255,6,158
2991,"16209","0120","2","","","","富山県","小矢部市","本町","",284,112,172,6,63
2992,"16209","0130","2","","","","富山県","小矢部市","小矢部町","",217,107,110,6,85
2993,"16209","0140","2","","","","富山県","小矢部市","上野本","",24,14,10,1,5
2994,"16209","0150","2","","","","富山県","小矢部市","泉町","",530,247,283,10,225
2995,"16209","0160","2","","","","富山県","小矢部市","今石動町","",41,21,20,-,15
2996,"16209","0170","2","","","","富山県","小矢部市","後谷（石動）","",299,142,157,2,100
2997,"16209","0180","2","","","","富山県","小矢部市","野端（石動）","",68,28,40,-,24
2998,"16209","0190","2","","","","富山県","小矢部市","後谷（南谷）","",54,30,24,-,16
2999,"16209","0200","2","","","","富山県","小矢部市","安楽寺","",120,59,61,2,38
3000,"16209","0210","2","","","","富山県","小矢部市","道坪野","",161,74,87,-,53
3001,"16209","0220","2","","","","富山県","小矢部市","峰坪野","",59,32,27,1,22
3002,"16209","0230","2","","","","富山県","小矢部市","谷坪野","",51,22,29,-,20
3003,"16209","0240","2","","","","富山県","小矢部市","論田","",103,54,49,-,14
3004,"16209","0250","2","","","","富山県","小矢部市","岩尾滝","",34,20,14,-,11
3005,"16209","0260","2","","","","富山県","小矢部市","峠","",18,9,9,-,8
3006,"16209","0270","2","","","","富山県","小矢部市","荒間","",33,18,15,-,15
3007,"16209","0280","2","","","","富山県","小矢部市","千石","",14,8,6,-,7
3008,"16209","0290","2","","","","富山県","小矢部市","嘉例谷","",30,15,15,-,16
3009,"16209","0300","2","","","","富山県","小矢部市","埴生","",1829,911,918,143,797
3010,"16209","0310","2","","","","富山県","小矢部市","石坂","",262,132,130,8,92
3011,"16209","0320","2","","","","富山県","小矢部市","長","",97,46,51,-,28
3012,"16209","0330","2","","","","富山県","小矢部市","道林寺","",426,216,210,-,131
3013,"16209","0340","2","","","","富山県","小矢部市","蓮沼","",282,134,148,-,77
3014,"16209","0350","2","","","","富山県","小矢部市","綾子","",1082,540,542,8,388
3015,"16209","0360","2","","","","富山県","小矢部市","野端（埴生）","",261,136,125,-,101
3016,"16209","0370","2","","","","富山県","小矢部市","後谷（埴生）","",20,13,7,-,10
3017,"16209","0380","2","","","","富山県","小矢部市","和沢","",552,253,299,31,218
3018,"16209","0390","2","","","","富山県","小矢部市","福上","",161,77,84,-,41
3019,"16209","0400","2","","","","富山県","小矢部市","島","",692,314,378,13,174
3020,"16209","0410","2","","","","富山県","小矢部市","茄子島","",243,94,149,6,77
3021,"16209","0420","2","","","","富山県","小矢部市","福久","",28,16,12,-,9
3022,"16209","0430","2","","","","富山県","小矢部市","小神","",281,134,147,6,95
3023,"16209","0440","2","","","","富山県","小矢部市","野寺","",209,92,117,-,57
3024,"16209","0450","2","","","","富山県","小矢部市","高木出","",117,56,61,3,39
3025,"16209","0460","2","","","","富山県","小矢部市","赤倉","",274,139,135,5,95
3026,"16209","0470","2","","","","富山県","小矢部市","鷲島","",461,216,245,15,136
3027,"16209","0480","2","","","","富山県","小矢部市","七社","",358,184,174,2,116
3028,"16209","0490","2","","","","富山県","小矢部市","五社","",403,208,195,28,138
3029,"16209","0500","2","","","","富山県","小矢部市","道明","",180,79,101,1,52
3030,"16209","0510","2","","","","富山県","小矢部市","水落","",141,72,69,2,44
3031,"16209","0520","2","","","","富山県","小矢部市","柳原","",62,28,34,-,18
3032,"16209","0530","2","","","","富山県","小矢部市","石名田","",157,77,80,-,42
3033,"16209","0540","2","","","","富山県","小矢部市","芹川","",942,466,476,23,327
3034,"16209","0550","2","","","","富山県","小矢部市","地崎","",132,74,58,8,47
3035,"16209","0560","2","","","","富山県","小矢部市","岡","",555,281,274,4,191
3036,"16209","0570","2","","","","富山県","小矢部市","石王丸","",145,77,68,1,46
3037,"16209","0580","2","","","","富山県","小矢部市","宇治新","",80,41,39,-,22
3038,"16209","0590","2","","","","富山県","小矢部市","坂又","",34,17,17,-,9
3039,"16209","0600","2","合算地域あり","","1240","富山県","小矢部市","田川（子撫）","",259,119,140,1,77
3040,"16209","0610","2","合算地域あり","","1250","富山県","小矢部市","西中野","",266,118,148,5,91
3041,"16209","0620","2","","","","富山県","小矢部市","桜町","",270,139,131,4,94
3042,"16209","0630","2","","","","富山県","小矢部市","法楽寺","",207,66,141,-,37
3043,"16209","0640","2","","","","富山県","小矢部市","横谷","",31,14,17,-,9
3044,"16209","0650","2","","","","富山県","小矢部市","宮須","",28,16,12,-,10
3045,"16209","0660","2","合算地域あり","","0690","富山県","小矢部市","宮中","",84,39,45,-,30
3046,"16209","0670","2","","","","富山県","小矢部市","矢波","",30,15,15,-,10
3047,"16209","0680","2","","","","富山県","小矢部市","屋波牧","",14,9,5,-,7
3048,"16209","0690","2","秘匿地域","0660","","富山県","小矢部市","嶺","",X,X,X,X,X
3049,"16209","0700","2","","","","富山県","小矢部市","岩崎","",29,12,17,-,10
3050,"16209","0710","2","","","","富山県","小矢部市","糠子島","",31,14,17,1,10
3051,"16209","0720","2","","","","富山県","小矢部市","原牧","",-,-,-,-,-
3052,"16209","0730","2","","","","富山県","小矢部市","別所滝","",43,25,18,-,16
3053,"16209","0740","2","","","","富山県","小矢部市","了輪","",48,26,22,-,19
3054,"16209","0750","2","","","","富山県","小矢部市","高坂","",12,4,8,-,4
3055,"16209","0760","2","","","","富山県","小矢部市","名ケ滝","",26,14,12,1,11
3056,"16209","0770","2","","","","富山県","小矢部市","二ノ滝","",31,13,18,-,8
3057,"16209","0780","2","秘匿地域","1270","","富山県","小矢部市","久利須","",X,X,X,X,X
3058,"16209","0790","2","","","","富山県","小矢部市","松永","",82,41,41,-,21
3059,"16209","0800","2","","","","富山県","小矢部市","松尾","",185,93,92,-,52
3060,"16209","0810","2","","","","富山県","小矢部市","北一","",155,74,81,-,46
3061,"16209","0820","2","","","","富山県","小矢部市","棚田","",76,37,39,-,20
3062,"16209","0830","2","","","","富山県","小矢部市","末友","",300,155,145,1,92
3063,"16209","0840","2","","","","富山県","小矢部市","臼谷","",170,74,96,-,60
3064,"16209","0850","2","","","","富山県","小矢部市","内山","",43,15,28,12,26
3065,"16209","0860","2","","","","富山県","小矢部市","五郎丸","",87,42,45,-,25
3066,"16209","0870","2","","","","富山県","小矢部市","八講田","",70,37,33,-,21
3067,"16209","0880","2","","","","富山県","小矢部市","八伏","",-,-,-,-,-
3068,"16209","0890","2","","","","富山県","小矢部市","金屋本江","",352,163,189,2,104
3069,"16209","0900","2","","","","富山県","小矢部市","西中","",249,121,128,5,85
3070,"16209","0910","2","","","","富山県","小矢部市","下中","",439,216,223,-,128
3071,"16209","0920","2","","","","富山県","小矢部市","水牧","",358,179,179,3,107
3072,"16209","0930","2","","","","富山県","小矢部市","津沢","",347,175,172,7,119
3073,"16209","0940","2","","","","富山県","小矢部市","岩武","",37,16,21,-,13
3074,"16209","0950","2","","","","富山県","小矢部市","清沢","",455,220,235,27,189
3075,"16209","0960","2","","","","富山県","小矢部市","清水","",402,196,206,2,127
3076,"16209","0970","2","","","","富山県","小矢部市","鴨島","",105,45,60,-,27
3077,"16209","0980","2","","","","富山県","小矢部市","蓑輪","",406,199,207,2,124
3078,"16209","0990","2","","","","富山県","小矢部市","新西","",456,223,233,7,159
3079,"16209","1000","2","","","","富山県","小矢部市","西島","",134,68,66,3,43
3080,"16209","1010","2","","","","富山県","小矢部市","水島","",826,421,405,5,258
3081,"16209","1020","2","","","","富山県","小矢部市","下後亟","",395,191,204,-,123
3082,"16209","1030","2","","","","富山県","小矢部市","内御堂","",93,49,44,-,28
3083,"16209","1040","2","","","","富山県","小矢部市","経田","",177,86,91,-,51
3084,"16209","1050","2","","","","富山県","小矢部市","胡麻島","",109,53,56,-,34
3085,"16209","1060","2","","","","富山県","小矢部市","浅地","",646,290,356,-,174
3086,"16209","1070","2","","","","富山県","小矢部市","経田（藪波）","",21,10,11,1,6
3087,"16209","1080","2","合算地域あり","","1300","富山県","小矢部市","矢水町","",701,336,365,24,242
3088,"16209","1090","2","","","","富山県","小矢部市","高木","",85,41,44,-,28
3089,"16209","1100","2","","","","富山県","小矢部市","安養寺（藪波）","",158,75,83,-,56
3090,"16209","1110","2","","","","富山県","小矢部市","戸久","",209,101,108,4,70
3091,"16209","1120","2","","","","富山県","小矢部市","名畑（藪波）","",68,32,36,12,29
3092,"16209","1130","2","","","","富山県","小矢部市","藤森","",164,72,92,-,47
3093,"16209","1140","2","","","","富山県","小矢部市","小森谷","",171,82,89,-,47
3094,"16209","1150","2","","","","富山県","小矢部市","杉谷内","",101,50,51,-,36
3095,"16209","1160","2","","","","富山県","小矢部市","名畑（東蟹谷）","",217,112,105,1,65
3096,"16209","1170","2","","","","富山県","小矢部市","渋江","",159,83,76,1,46
3097,"16209","1180","2","","","","富山県","小矢部市","平田","",120,55,65,1,37
3098,"16209","1190","2","","","","富山県","小矢部市","平桜","",304,152,152,2,87
3099,"16209","1200","2","","","","富山県","小矢部市","興法寺","",244,114,130,3,71
3100,"16209","1210","2","","","","富山県","小矢部市","下川崎","",142,64,78,9,45
3101,"16209","1220","2","","","","富山県","小矢部市","津沢一丁目","",190,105,85,1,61
3102,"16209","1230","2","","","","富山県","小矢部市","下島","",79,38,41,-,29
3103,"16209","1240","2","秘匿地域","0600","","富山県","小矢部市","田川（荒川）","",X,X,X,X,X
3104,"16209","1250","2","秘匿地域","0610","","富山県","小矢部市","宇治新（子撫）","",X,X,X,X,X
3105,"16209","1260","2","秘匿地域","1270","","富山県","小矢部市","下屋敷","",X,X,X,X,X
3106,"16209","1270","2","合算地域あり","","0780;1260;1280","富山県","小矢部市","菅ケ原","",43,22,21,6,17
3107,"16209","1280","2","秘匿地域","1270","","富山県","小矢部市","北屋敷","",X,X,X,X,X
3108,"16209","1290","2","","","","富山県","小矢部市","森屋","",26,12,14,-,10
3109,"16209","1300","2","秘匿地域","1080","","富山県","小矢部市","西川原","",X,X,X,X,X
3110,"16209","1310","2","","","","富山県","小矢部市","戸久（興法寺）","",23,13,10,-,6
3111,"16209","1320","2","","","","富山県","小矢部市","メルヘンランド","",109,54,55,-,34
3112,"16210","-","1","","","","富山県","南砺市","","",47937,22940,24997,811,16483
3113,"16210","0010","2","","","","富山県","南砺市","福野","",1351,620,731,6,515
3114,"16210","0020","2","","","","富山県","南砺市","松原","",510,214,296,1,134
3115,"16210","0030","2","","","","富山県","南砺市","二日町","",905,444,461,17,332
3116,"16210","0040","2","","","","富山県","南砺市","寺家新屋敷","",29,12,17,-,9
3117,"16210","0050","2","","","","富山県","南砺市","苗島","",685,334,351,8,221
3118,"16210","0060","2","","","","富山県","南砺市","松原新","",332,159,173,14,136
3119,"16210","0070","2","","","","富山県","南砺市","野尻","",715,355,360,13,223
3120,"16210","0080","2","","","","富山県","南砺市","本江","",653,323,330,5,185
3121,"16210","0090","2","","","","富山県","南砺市","上津","",72,32,40,-,20
3122,"16210","0100","2","","","","富山県","南砺市","柴田屋","",1084,529,555,26,372
3123,"16210","0110","2","","","","富山県","南砺市","高儀","",311,152,159,5,102
3124,"16210","0120","2","","","","富山県","南砺市","長源寺","",59,29,30,1,23
3125,"16210","0130","2","","","","富山県","南砺市","川除新","",163,84,79,8,69
3126,"16210","0140","2","","","","富山県","南砺市","岩武新","",171,91,80,1,50
3127,"16210","0150","2","","","","富山県","南砺市","高堀","",279,133,146,3,85
3128,"16210","0160","2","","","","富山県","南砺市","上野","",144,64,80,-,40
3129,"16210","0170","2","","","","富山県","南砺市","野尻野","",163,81,82,-,56
3130,"16210","0180","2","","","","富山県","南砺市","年代","",212,114,98,7,79
3131,"16210","0190","2","","","","富山県","南砺市","百町","",159,79,80,-,49
3132,"16210","0200","2","","","","富山県","南砺市","焼野","",72,33,39,2,23
3133,"16210","0210","2","","","","富山県","南砺市","福野軸屋","",41,20,21,-,10
3134,"16210","0220","2","","","","富山県","南砺市","野新","",185,92,93,2,54
3135,"16210","0230","2","","","","富山県","南砺市","三清西","",76,35,41,-,21
3136,"16210","0240","2","","","","富山県","南砺市","森清","",192,96,96,3,58
3137,"16210","0250","2","","","","富山県","南砺市","安清","",94,49,45,1,29
3138,"16210","0260","2","","","","富山県","南砺市","江田","",74,41,33,1,25
3139,"16210","0270","2","","","","富山県","南砺市","雨潜","",47,24,23,-,15
3140,"16210","0280","2","","","","富山県","南砺市","野原","",74,42,32,1,24
3141,"16210","0290","2","","","","富山県","南砺市","広安","",346,176,170,19,112
3142,"16210","0300","2","","","","富山県","南砺市","田屋","",213,107,106,1,59
3143,"16210","0310","2","","","","富山県","南砺市","石田","",190,101,89,-,58
3144,"16210","0320","2","","","","富山県","南砺市","八塚","",562,277,285,14,188
3145,"16210","0330","2","","","","富山県","南砺市","寺家","",190,110,80,1,69
3146,"16210","0340","2","","","","富山県","南砺市","院林","",473,223,250,11,163
3147,"16210","0350","2","","","","富山県","南砺市","布袋","",53,22,31,7,18
3148,"16210","0360","2","","","","富山県","南砺市","森","",52,25,27,-,12
3149,"16210","0370","2","","","","富山県","南砺市","三ツ屋","",67,33,34,-,18
3150,"16210","0380","2","","","","富山県","南砺市","桐木","",157,71,86,-,46
3151,"16210","0390","2","","","","富山県","南砺市","前田","",91,38,53,-,30
3152,"16210","0400","2","","","","富山県","南砺市","晩田","",72,33,39,1,24
3153,"16210","0410","2","","","","富山県","南砺市","梅ケ島","",229,103,126,8,84
3154,"16210","0420","2","","","","富山県","南砺市","下吉江","",312,159,153,10,100
3155,"16210","0430","2","","","","富山県","南砺市","田尻","",258,122,136,3,74
3156,"16210","0440","2","","","","富山県","南砺市","新邸","",61,23,38,-,20
3157,"16210","0450","2","","","","富山県","南砺市","上川崎","",192,82,110,2,54
3158,"16210","0460","2","合算地域あり","","0470","富山県","南砺市","安居","",377,192,185,5,133
3159,"16210","0470","2","秘匿地域","0460","","富山県","南砺市","七村滝寺","",X,X,X,X,X
3160,"16210","0480","2","","","","富山県","南砺市","やかた","",264,134,130,7,111
3161,"16210","0490","2","","","","富山県","南砺市","福光","",3202,1511,1691,51,1265
3162,"16210","0500","2","","","","富山県","南砺市","福光新町","",148,56,92,-,62
3163,"16210","0510","2","","","","富山県","南砺市","川西","",403,214,189,1,153
3164,"16210","0520","2","","","","富山県","南砺市","法林寺","",585,267,318,7,169
3165,"16210","0530","2","","","","富山県","南砺市","中ノ江","",310,150,160,1,105
3166,"16210","0540","2","","","","富山県","南砺市","八幡","",167,80,87,2,59
3167,"16210","0550","2","","","","富山県","南砺市","松木","",186,91,95,-,61
3168,"16210","0560","2","","","","富山県","南砺市","和泉","",157,78,79,7,55
3169,"16210","0570","2","","","","富山県","南砺市","遊部川原","",30,15,15,-,11
3170,"16210","0580","2","","","","富山県","南砺市","岩木","",225,106,119,5,65
3171,"16210","0590","2","","","","富山県","南砺市","岩安","",13,5,8,-,4
3172,"16210","0600","2","","","","富山県","南砺市","坂本","",202,98,104,2,64
3173,"16210","0610","2","","","","富山県","南砺市","開発","",158,79,79,-,56
3174,"16210","0620","2","","","","富山県","南砺市","天神","",311,172,139,36,139
3175,"16210","0630","2","","","","富山県","南砺市","竹内","",126,59,67,-,48
3176,"16210","0640","2","","","","富山県","南砺市","小山","",191,94,97,-,56
3177,"16210","0650","2","","","","富山県","南砺市","山本","",241,116,125,3,69
3178,"16210","0660","2","","","","富山県","南砺市","祖谷","",150,74,76,-,45
3179,"16210","0670","2","","","","富山県","南砺市","小坂","",305,148,157,3,94
3180,"16210","0680","2","","","","富山県","南砺市","舘","",152,69,83,-,44
3181,"16210","0690","2","","","","富山県","南砺市","才川七","",404,190,214,-,144
3182,"16210","0700","2","合算地域あり","","0710","富山県","南砺市","広谷","",111,49,62,-,32
3183,"16210","0710","2","秘匿地域","0700","","富山県","南砺市","糸谷新","",X,X,X,X,X
3184,"16210","0720","2","","","","富山県","南砺市","香城寺","",120,55,65,1,40
3185,"16210","0730","2","","","","富山県","南砺市","小院瀬見","",43,21,22,-,15
3186,"16210","0740","2","","","","富山県","南砺市","小二又","",44,21,23,-,12
3187,"16210","0750","2","合算地域あり","","1090;1100;1130;1140","富山県","南砺市","土生新","",704,344,360,13,230
3188,"16210","0760","2","","","","富山県","南砺市","殿","",151,68,83,-,42
3189,"16210","0770","2","","","","富山県","南砺市","大西","",85,42,43,1,27
3190,"16210","0780","2","","","","富山県","南砺市","土生","",91,48,43,3,26
3191,"16210","0790","2","","","","富山県","南砺市","田中","",428,217,211,9,145
3192,"16210","0800","2","","","","富山県","南砺市","一日市","",108,54,54,-,40
3193,"16210","0810","2","","","","富山県","南砺市","下野","",36,19,17,-,14
3194,"16210","0820","2","合算地域あり","","0830","富山県","南砺市","小林","",86,44,42,-,37
3195,"16210","0830","2","秘匿地域","0820","","富山県","南砺市","神宮寺","",X,X,X,X,X
3196,"16210","0840","2","","","","富山県","南砺市","高宮","",440,216,224,5,140
3197,"16210","0850","2","","","","富山県","南砺市","荒木","",1512,715,797,95,625
3198,"16210","0860","2","","","","富山県","南砺市","吉江中","",425,215,210,4,134
3199,"16210","0870","2","","","","富山県","南砺市","遊部","",518,249,269,5,176
3200,"16210","0880","2","","","","富山県","南砺市","宗守","",267,131,136,1,90
3201,"16210","0890","2","","","","富山県","南砺市","鍛治","",135,63,72,1,37
3202,"16210","0900","2","","","","富山県","南砺市","徳成","",89,42,47,-,28
3203,"16210","0910","2","","","","富山県","南砺市","利波河","",52,23,29,-,14
3204,"16210","0920","2","","","","富山県","南砺市","東殿","",100,47,53,-,34
3205,"16210","0930","2","","","","富山県","南砺市","高畠","",108,51,57,1,32
3206,"16210","0940","2","","","","富山県","南砺市","神成","",103,62,41,24,48
3207,"16210","0950","2","","","","富山県","南砺市","久戸","",67,34,33,-,21
3208,"16210","0960","2","","","","富山県","南砺市","在房","",133,60,73,1,39
3209,"16210","0970","2","","","","富山県","南砺市","梅原","",385,187,198,-,126
3210,"16210","0980","2","","","","富山県","南砺市","山田","",107,54,53,-,31
3211,"16210","0990","2","","","","富山県","南砺市","赤坂","",12,6,6,-,6
3212,"16210","1000","2","","","","富山県","南砺市","出村","",51,26,25,2,15
3213,"16210","1010","2","","","","富山県","南砺市","縄蔵","",98,43,55,-,30
3214,"16210","1020","2","","","","富山県","南砺市","天池","",361,122,239,3,60
3215,"16210","1030","2","","","","富山県","南砺市","吉江野","",99,50,49,5,31
3216,"16210","1040","2","","","","富山県","南砺市","竹林","",335,160,175,2,112
3217,"16210","1050","2","","","","富山県","南砺市","大塚","",108,50,58,2,34
3218,"16210","1060","2","","","","富山県","南砺市","梅野","",94,44,50,-,22
3219,"16210","1070","2","","","","富山県","南砺市","太美","",63,29,34,-,22
3220,"16210","1080","2","","","","富山県","南砺市","吉見","",55,28,27,-,20
3221,"16210","1090","2","秘匿地域","0750","","富山県","南砺市","綱掛","",X,X,X,X,X
3222,"16210","1100","2","秘匿地域","0750","","富山県","南砺市","立野脇","",X,X,X,X,X
3223,"16210","1110","2","","","","富山県","南砺市","刀利","",-,-,-,-,-
3224,"16210","1120","2","","","","富山県","南砺市","臼中","",-,-,-,-,-
3225,"16210","1130","2","秘匿地域","0750","","富山県","南砺市","樋瀬戸","",X,X,X,X,X
3226,"16210","1140","2","秘匿地域","0750","","富山県","南砺市","七曲","",X,X,X,X,X
3227,"16210","1150","2","","","","富山県","南砺市","嫁兼","",173,79,94,-,57
3228,"16210","1160","2","","","","富山県","南砺市","砂子谷","",80,37,43,-,29
3229,"16210","1170","2","","","","富山県","南砺市","人母","",67,34,33,-,21
3230,"16210","1180","2","","","","富山県","南砺市","高窪","",64,28,36,8,27
3231,"16210","1190","2","合算地域あり","","1200","富山県","南砺市","土山","",88,39,49,1,34
3232,"16210","1200","2","秘匿地域","1190","","富山県","南砺市","能美","",X,X,X,X,X
3233,"16210","1210","2","","","","富山県","南砺市","小又","",37,18,19,1,19
3234,"16210","1220","2","","","","富山県","南砺市","湯谷","",27,14,13,1,9
3235,"16210","1230","2","","","","富山県","南砺市","蔵原","",101,47,54,1,28
3236,"16210","1240","2","","","","富山県","南砺市","城端","",1820,855,965,25,726
3237,"16210","1250","2","","","","富山県","南砺市","信末","",466,245,221,2,96
3238,"16210","1260","2","","","","富山県","南砺市","是安","",579,274,305,8,214
3239,"16210","1270","2","","","","富山県","南砺市","野田","",720,336,384,42,316
3240,"16210","1280","2","","","","富山県","南砺市","金戸","",487,238,249,-,146
3241,"16210","1290","2","","","","富山県","南砺市","国広","",82,44,38,-,24
3242,"16210","1300","2","","","","富山県","南砺市","千福","",155,66,89,-,47
3243,"16210","1310","2","","","","富山県","南砺市","野口","",103,54,49,2,32
3244,"16210","1320","2","","","","富山県","南砺市","塔尾","",87,44,43,-,23
3245,"16210","1330","2","","","","富山県","南砺市","上見","",89,42,47,1,27
3246,"16210","1340","2","","","","富山県","南砺市","上原","",28,15,13,-,13
3247,"16210","1350","2","","","","富山県","南砺市","示野","",28,13,15,1,7
3248,"16210","1360","2","","","","富山県","南砺市","立野原東","",95,53,42,1,33
3249,"16210","1370","2","","","","富山県","南砺市","細木","",166,68,98,11,50
3250,"16210","1380","2","","","","富山県","南砺市","大窪","",177,89,88,4,57
3251,"16210","1390","2","","","","富山県","南砺市","上田","",-,-,-,-,-
3252,"16210","1400","2","","","","富山県","南砺市","瀬戸","",14,8,6,-,6
3253,"16210","1410","2","","","","富山県","南砺市","盛新","",39,18,21,1,17
3254,"16210","1420","2","","","","富山県","南砺市","中尾","",27,13,14,-,8
3255,"16210","1430","2","","","","富山県","南砺市","大鋸屋","",227,109,118,8,71
3256,"16210","1440","2","","","","富山県","南砺市","打尾","",116,51,65,10,42
3257,"16210","1450","2","","","","富山県","南砺市","泉沢","",206,106,100,6,74
3258,"16210","1460","2","","","","富山県","南砺市","林道","",182,74,108,11,62
3259,"16210","1470","2","","","","富山県","南砺市","理休","",631,251,380,4,164
3260,"16210","1480","2","","","","富山県","南砺市","蓑谷","",350,166,184,-,116
3261,"16210","1490","2","","","","富山県","南砺市","細野","",138,70,68,2,51
3262,"16210","1500","2","","","","富山県","南砺市","西明","",137,64,73,-,53
3263,"16210","1510","2","","","","富山県","南砺市","東西原","",35,17,18,1,14
3264,"16210","1520","2","","","","富山県","南砺市","北野","",887,441,446,18,282
3265,"16210","1530","2","","","","富山県","南砺市","祖山","",30,13,17,-,11
3266,"16210","1540","2","合算地域あり","","1550","富山県","南砺市","杉尾","",18,10,8,-,8
3267,"16210","1550","2","秘匿地域","1540","","富山県","南砺市","渡原","",X,X,X,X,X
3268,"16210","1560","2","","","","富山県","南砺市","大崩島","",28,15,13,-,9
3269,"16210","1570","2","","","","富山県","南砺市","入谷","",15,7,8,-,9
3270,"16210","1580","2","","","","富山県","南砺市","寿川","",26,15,11,-,9
3271,"16210","1590","2","","","","富山県","南砺市","東中江","",35,20,15,2,14
3272,"16210","1600","2","合算地域あり","","1610","富山県","南砺市","高草嶺","",27,10,17,-,14
3273,"16210","1610","2","秘匿地域","1600","","富山県","南砺市","夏焼","",X,X,X,X,X
3274,"16210","1620","2","","","","富山県","南砺市","下出","",54,23,31,-,19
3275,"16210","1630","2","","","","富山県","南砺市","篭渡","",50,25,25,-,16
3276,"16210","1640","2","","","","富山県","南砺市","下梨","",179,83,96,1,57
3277,"16210","1650","2","","","","富山県","南砺市","大島","",90,44,46,-,31
3278,"16210","1660","2","","","","富山県","南砺市","見座","",38,14,24,-,14
3279,"16210","1670","2","","","","富山県","南砺市","中畑","",26,12,14,-,11
3280,"16210","1680","2","","","","富山県","南砺市","来栖","",38,19,19,-,14
3281,"16210","1690","2","合算地域あり","","1700","富山県","南砺市","小来栖","",30,11,19,-,14
3282,"16210","1700","2","秘匿地域","1690","","富山県","南砺市","上松尾","",X,X,X,X,X
3283,"16210","1710","2","","","","富山県","南砺市","田代","",-,-,-,-,-
3284,"16210","1720","2","","","","富山県","南砺市","梨谷","",-,-,-,-,-
3285,"16210","1730","2","","","","富山県","南砺市","相倉","",45,20,25,-,17
3286,"16210","1740","2","","","","富山県","南砺市","上梨","",86,41,45,-,28
3287,"16210","1750","2","","","","富山県","南砺市","田向","",32,15,17,-,10
3288,"16210","1760","2","秘匿地域","1770","","富山県","南砺市","小瀬","",X,X,X,X,X
3289,"16210","1770","2","合算地域あり","","1760","富山県","南砺市","漆谷","",11,6,5,-,6
3290,"16210","1780","2","","","","富山県","南砺市","下島","",45,23,22,-,16
3291,"16210","1790","2","","","","富山県","南砺市","皆葎","",111,48,63,-,33
3292,"16210","1800","2","","","","富山県","南砺市","葎島","",-,-,-,-,-
3293,"16210","1810","2","","","","富山県","南砺市","猪谷","",49,19,30,-,17
3294,"16210","1820","2","","","","富山県","南砺市","小原","",29,15,14,-,13
3295,"16210","1830","2","","","","富山県","南砺市","田下","",11,5,6,-,4
3296,"16210","1840","2","","","","富山県","南砺市","菅沼","",25,11,14,-,6
3297,"16210","1850","2","","","","富山県","南砺市","上平細島","",50,23,27,-,20
3298,"16210","1860","2","","","","富山県","南砺市","上中田","",-,-,-,-,-
3299,"16210","1870","2","","","","富山県","南砺市","新屋","",65,30,35,-,20
3300,"16210","1880","2","秘匿地域","1900","","富山県","南砺市","東赤尾","",X,X,X,X,X
3301,"16210","1890","2","秘匿地域","1900","","富山県","南砺市","真木","",X,X,X,X,X
3302,"16210","1900","2","合算地域あり","","1880;1890;1910","富山県","南砺市","楮","",96,43,53,-,25
3303,"16210","1910","2","秘匿地域","1900","","富山県","南砺市","成出","",X,X,X,X,X
3304,"16210","1920","2","","","","富山県","南砺市","西赤尾町","",93,42,51,-,33
3305,"16210","1930","2","","","","富山県","南砺市","桂","",-,-,-,-,-
3306,"16210","1940","2","","","","富山県","南砺市","打越","",-,-,-,-,-
3307,"16210","1950","2","秘匿地域","1970","","富山県","南砺市","利賀村下原","",X,X,X,X,X
3308,"16210","1960","2","","","","富山県","南砺市","利賀村栃原","",-,-,-,-,-
3309,"16210","1970","2","合算地域あり","","1950;1980","富山県","南砺市","利賀村北原","",23,15,8,-,14
3310,"16210","1980","2","秘匿地域","1970","","富山県","南砺市","利賀村大牧","",X,X,X,X,X
3311,"16210","1990","2","","","","富山県","南砺市","利賀村栗当","",-,-,-,-,-
3312,"16210","2000","2","","","","富山県","南砺市","利賀村高沼","",-,-,-,-,-
3313,"16210","2010","2","","","","富山県","南砺市","利賀村草嶺","",-,-,-,-,-
3314,"16210","2020","2","","","","富山県","南砺市","利賀村押場","",-,-,-,-,-
3315,"16210","2030","2","合算地域あり","","2040","富山県","南砺市","利賀村北豆谷","",21,12,9,1,11
3316,"16210","2040","2","秘匿地域","2030","","富山県","南砺市","利賀入谷・谷内","",X,X,X,X,X
3317,"16210","2050","2","","","","富山県","南砺市","利賀村大豆谷","",20,11,9,-,9
3318,"16210","2060","2","","","","富山県","南砺市","利賀村","",100,62,38,2,61
3319,"16210","2070","2","","","","富山県","南砺市","利賀村岩淵","",17,12,5,-,10
3320,"16210","2080","2","","","","富山県","南砺市","島地","",49,24,25,1,21
3321,"16210","2090","2","","","","富山県","南砺市","中村","",25,14,11,-,22
3322,"16210","2100","2","","","","富山県","南砺市","利賀村上畠","",30,16,14,-,17
3323,"16210","2110","2","","","","富山県","南砺市","利賀村細島","",11,4,7,-,4
3324,"16210","2120","2","","","","富山県","南砺市","利賀村坂上","",70,37,33,1,26
3325,"16210","2130","2","合算地域あり","","2140","富山県","南砺市","利賀村阿別当","",41,17,24,1,17
3326,"16210","2140","2","秘匿地域","2130","","富山県","南砺市","利賀村大勘場","",X,X,X,X,X
3327,"16210","2150","2","","","","富山県","南砺市","利賀村上百瀬","",58,28,30,-,20
3328,"16210","2160","2","","","","富山県","南砺市","利賀村大勘場","",-,-,-,-,-
3329,"16210","2170","2","","","","富山県","南砺市","利賀村水無","",-,-,-,-,-
3330,"16210","2180","2","","","","富山県","南砺市","井波","",1751,801,950,16,646
3331,"16210","2190","3","","","","富山県","南砺市","本町","",397,187,210,-,177
3332,"16210","219001","4","","","","富山県","南砺市","本町","一丁目",64,31,33,-,29
3333,"16210","219002","4","","","","富山県","南砺市","本町","二丁目",27,15,12,-,14
3334,"16210","219003","4","","","","富山県","南砺市","本町","三丁目",77,37,40,-,38
3335,"16210","219004","4","","","","富山県","南砺市","本町","四丁目",229,104,125,-,96
3336,"16210","2200","2","","","","富山県","南砺市","山下","",153,70,83,-,53
3337,"16210","2210","2","","","","富山県","南砺市","北川","",458,211,247,-,166
3338,"16210","2220","2","","","","富山県","南砺市","井波","",55,24,31,-,23
3339,"16210","2230","2","","","","富山県","南砺市","藤橋","",70,33,37,-,27
3340,"16210","2240","2","","","","富山県","南砺市","山見","",1171,550,621,17,422
3341,"16210","2250","2","","","","富山県","南砺市","院瀬見","",215,101,114,2,70
3342,"16210","2260","2","","","","富山県","南砺市","東城寺","",47,19,28,-,17
3343,"16210","2270","2","","","","富山県","南砺市","清玄寺","",26,14,12,-,10
3344,"16210","2280","2","","","","富山県","南砺市","連代寺","",62,33,29,1,22
3345,"16210","2290","2","","","","富山県","南砺市","志観寺","",54,24,30,1,19
3346,"16210","2300","2","","","","富山県","南砺市","谷","",216,106,110,-,38
3347,"16210","2310","2","","","","富山県","南砺市","戸板","",209,100,109,1,70
3348,"16210","2320","2","","","","富山県","南砺市","今里","",56,29,27,1,17
3349,"16210","2330","2","","","","富山県","南砺市","川原崎","",92,47,45,1,28
3350,"16210","2340","2","","","","富山県","南砺市","沖","",89,45,44,-,25
3351,"16210","2350","2","","","","富山県","南砺市","坪野","",339,156,183,32,138
3352,"16210","2360","2","","","","富山県","南砺市","山斐","",285,133,152,-,95
3353,"16210","2370","2","","","","富山県","南砺市","岩屋","",378,186,192,8,128
3354,"16210","2380","2","","","","富山県","南砺市","飛騨屋","",224,106,118,-,67
3355,"16210","2390","2","","","","富山県","南砺市","野能原","",81,38,43,-,25
3356,"16210","2400","2","","","","富山県","南砺市","井波軸屋","",64,27,37,-,19
3357,"16210","2410","2","","","","富山県","南砺市","安室","",213,105,108,3,72
3358,"16210","2420","2","","","","富山県","南砺市","清水明","",55,24,31,-,18
3359,"16210","2430","2","","","","富山県","南砺市","高屋","",73,32,41,1,25
3360,"16210","2440","2","","","","富山県","南砺市","専勝寺","",103,53,50,-,30
3361,"16210","2450","2","","","","富山県","南砺市","高瀬","",476,242,234,3,157
3362,"16210","2460","2","","","","富山県","南砺市","北市","",257,107,150,17,89
3363,"16210","2470","2","","","","富山県","南砺市","三清東","",186,93,93,2,52
3364,"16210","2480","2","","","","富山県","南砺市","井口","",116,57,59,2,37
3365,"16210","2490","2","","","","富山県","南砺市","上広安","",40,22,18,-,12
3366,"16210","2500","2","","","","富山県","南砺市","宮後","",111,60,51,-,30
3367,"16210","2510","2","","","","富山県","南砺市","池尻","",178,93,85,10,66
3368,"16210","2520","2","","","","富山県","南砺市","久保","",51,20,31,-,21
3369,"16210","2530","2","","","","富山県","南砺市","池田","",131,63,68,1,39
3370,"16210","2540","2","","","","富山県","南砺市","蛇喰","",303,156,147,2,70
3371,"16210","2550","2","","","","富山県","南砺市","川上中","",134,62,72,1,46
3372,"16210","2560","2","","","","富山県","南砺市","大野","",12,4,8,-,5
3373,"16211","-","1","","","","富山県","射水市","","",90742,44253,46489,2374,33812
3374,"16211","0010","3","","","","富山県","射水市","庄西町","",835,395,440,21,329
3375,"16211","001001","4","","","","富山県","射水市","庄西町","一丁目",561,270,291,18,223
3376,"16211","001002","4","","","","富山県","射水市","庄西町","二丁目",274,125,149,3,106
3377,"16211","0020","2","","","","富山県","射水市","港町","",873,418,455,18,400
3378,"16211","0030","2","","","","富山県","射水市","庄川本町","",795,370,425,15,350
3379,"16211","0040","3","","","","富山県","射水市","本町","",1182,556,626,15,489
3380,"16211","004001","4","","","","富山県","射水市","本町","一丁目",537,247,290,13,223
3381,"16211","004002","4","","","","富山県","射水市","本町","二丁目",291,139,152,1,116
3382,"16211","004003","4","","","","富山県","射水市","本町","三丁目",354,170,184,1,150
3383,"16211","0050","2","","","","富山県","射水市","放生津町","",385,165,220,-,171
3384,"16211","0060","2","","","","富山県","射水市","中央町","",576,276,300,18,240
3385,"16211","0070","2","","","","富山県","射水市","桜町","",312,157,155,-,119
3386,"16211","0080","2","","","","富山県","射水市","立町","",421,192,229,2,165
3387,"16211","0091","3","","","","富山県","射水市","八幡町","",1384,672,712,65,645
3388,"16211","009101","4","","","","富山県","射水市","八幡町","一丁目",426,205,221,17,187
3389,"16211","009102","4","","","","富山県","射水市","八幡町","二丁目",480,255,225,36,263
3390,"16211","009103","4","","","","富山県","射水市","八幡町","三丁目",478,212,266,12,195
3391,"16211","0092","3","","","","富山県","射水市","八幡町","",-,-,-,-,-
3392,"16211","009201","4","","","","富山県","射水市","八幡町","一丁目",-,-,-,-,-
3393,"16211","009203","4","","","","富山県","射水市","八幡町","三丁目",-,-,-,-,-
3394,"16211","0100","2","","","","富山県","射水市","中新湊","",837,408,429,17,361
3395,"16211","0110","2","","","","富山県","射水市","二の丸町","",392,174,218,10,157
3396,"16211","0121","2","","","","富山県","射水市","海王町","",303,118,185,15,116
3397,"16211","0122","2","","","","富山県","射水市","越の潟町","",84,51,33,4,41
3398,"16211","0123","2","","","","富山県","射水市","越の潟町","",-,-,-,-,-
3399,"16211","0130","2","","","","富山県","射水市","西新湊","",494,239,255,1,183
3400,"16211","0140","2","","","","富山県","射水市","三日曽根","",525,237,288,10,195
3401,"16211","0150","2","","","","富山県","射水市","善光寺","",825,406,419,3,294
3402,"16211","0160","2","","","","富山県","射水市","緑町","",401,188,213,-,157
3403,"16211","0170","2","","","","富山県","射水市","寺塚原","",732,358,374,8,246
3404,"16211","0180","2","","","","富山県","射水市","沖塚原","",326,160,166,3,105
3405,"16211","0190","2","","","","富山県","射水市","坂東","",96,48,48,-,35
3406,"16211","0200","2","","","","富山県","射水市","朴木","",611,230,381,3,129
3407,"16211","0210","2","","","","富山県","射水市","川口","",326,145,181,24,117
3408,"16211","0220","2","","","","富山県","射水市","宮袋","",118,62,56,-,43
3409,"16211","0230","2","","","","富山県","射水市","松木","",968,475,493,9,317
3410,"16211","0240","2","","","","富山県","射水市","作道","",1720,879,841,88,682
3411,"16211","0250","2","","","","富山県","射水市","鏡宮","",465,247,218,213,198
3412,"16211","0260","2","","","","富山県","射水市","野村","",349,168,181,2,105
3413,"16211","0270","2","","","","富山県","射水市","沖","",69,32,37,1,23
3414,"16211","0280","2","","","","富山県","射水市","久々湊","",288,145,143,-,92
3415,"16211","0290","2","","","","富山県","射水市","津幡江","",312,161,151,9,104
3416,"16211","0300","2","","","","富山県","射水市","殿村","",459,205,254,33,143
3417,"16211","0310","2","","","","富山県","射水市","今井","",581,294,287,6,194
3418,"16211","0320","2","","","","富山県","射水市","高木","",153,75,78,8,55
3419,"16211","0330","2","","","","富山県","射水市","布目","",107,48,59,9,29
3420,"16211","0340","2","","","","富山県","射水市","神楽町","",400,198,202,4,149
3421,"16211","0350","2","","","","富山県","射水市","奈呉の江","",-,-,-,-,-
3422,"16211","0360","2","","","","富山県","射水市","片口","",1112,568,544,7,445
3423,"16211","0371","3","","","","富山県","射水市","高場新町","",1136,582,554,58,383
3424,"16211","037101","4","","","","富山県","射水市","高場新町","一丁目",162,88,74,9,67
3425,"16211","037102","4","","","","富山県","射水市","高場新町","二丁目",327,168,159,4,103
3426,"16211","037103","4","","","","富山県","射水市","高場新町","三丁目",336,159,177,18,105
3427,"16211","037104","4","","","","富山県","射水市","高場新町","四丁目",311,167,144,27,108
3428,"16211","0372","2","","","","富山県","射水市","片口高場","",706,421,285,165,346
3429,"16211","0380","2","","","","富山県","射水市","片口久々江","",214,112,102,-,71
3430,"16211","0390","3","","","","富山県","射水市","新片町","",515,267,248,27,197
3431,"16211","039001","4","","","","富山県","射水市","新片町","一丁目",60,31,29,-,18
3432,"16211","039002","4","","","","富山県","射水市","新片町","二丁目",76,40,36,-,31
3433,"16211","039003","4","","","","富山県","射水市","新片町","三丁目",66,35,31,5,24
3434,"16211","039004","4","","","","富山県","射水市","新片町","四丁目",73,32,41,17,33
3435,"16211","039005","4","","","","富山県","射水市","新片町","五丁目",240,129,111,5,91
3436,"16211","0400","2","","","","富山県","射水市","新堀","",4,4,-,4,4
3437,"16211","0411","2","","","","富山県","射水市","海竜町","",425,220,205,10,130
3438,"16211","0412","2","","","","富山県","射水市","堀岡","",213,104,109,9,94
3439,"16211","0420","2","","","","富山県","射水市","堀岡新明神","",259,119,140,3,109
3440,"16211","0430","2","","","","富山県","射水市","堀岡古明神","",384,195,189,33,157
3441,"16211","0440","2","","","","富山県","射水市","堀岡明神新","",198,90,108,7,76
3442,"16211","0450","3","","","","富山県","射水市","射水町","",505,247,258,86,171
3443,"16211","045001","4","","","","富山県","射水市","射水町","一丁目",247,116,131,8,82
3444,"16211","045002","4","","","","富山県","射水市","射水町","二丁目",258,131,127,78,89
3445,"16211","0460","3","","","","富山県","射水市","草岡町","",514,259,255,19,233
3446,"16211","046001","4","","","","富山県","射水市","草岡町","一丁目",262,142,120,-,140
3447,"16211","046002","4","","","","富山県","射水市","草岡町","二丁目",252,117,135,19,93
3448,"16211","0470","2","","","","富山県","射水市","堀江千石","",-,-,-,-,-
3449,"16211","0480","2","","","","富山県","射水市","海老江","",648,296,352,42,262
3450,"16211","0490","2","","","","富山県","射水市","海老江練合","",648,336,312,6,173
3451,"16211","0500","2","","","","富山県","射水市","海老江七軒","",369,183,186,5,131
3452,"16211","0510","2","","","","富山県","射水市","海老江浜開","",195,91,104,13,65
3453,"16211","0520","2","","","","富山県","射水市","浜開新町","",227,105,122,-,77
3454,"16211","0530","2","","","","富山県","射水市","東明西町","",219,107,112,3,75
3455,"16211","0540","2","合算地域あり","","057001","富山県","射水市","東明中町","",188,112,76,4,95
3456,"16211","0550","2","","","","富山県","射水市","東明東町","",131,66,65,6,41
3457,"16211","0560","2","","","","富山県","射水市","東明七軒","",220,109,111,26,97
3458,"16211","0570","3","","","","富山県","射水市","有磯","",X,X,X,X,X
3459,"16211","057001","4","秘匿地域","0540","","富山県","射水市","有磯","一丁目",X,X,X,X,X
3460,"16211","057002","4","","","","富山県","射水市","有磯","二丁目",-,-,-,-,-
3461,"16211","0581","2","","","","富山県","射水市","かもめ台","",262,130,132,22,77
3462,"16211","0582","2","","","","富山県","射水市","本江","",493,243,250,15,173
3463,"16211","0590","2","","","","富山県","射水市","本江針山","",394,182,212,17,128
3464,"16211","0600","2","","","","富山県","射水市","本江針山新","",46,24,22,-,14
3465,"16211","0610","2","","","","富山県","射水市","本江中新","",63,32,31,5,20
3466,"16211","0621","2","","","","富山県","射水市","足洗新町","",299,159,140,5,101
3467,"16211","0622","2","","","","富山県","射水市","本江三箇","",23,10,13,3,11
3468,"16211","0630","2","","","","富山県","射水市","本江針山開","",83,41,42,7,28
3469,"16211","0640","2","","","","富山県","射水市","本江利波","",17,9,8,-,9
3470,"16211","0650","2","秘匿地域","0690","","富山県","射水市","本江後新","",X,X,X,X,X
3471,"16211","0660","2","秘匿地域","0690","","富山県","射水市","本江西","",X,X,X,X,X
3472,"16211","0670","2","秘匿地域","0690","","富山県","射水市","本江南","",X,X,X,X,X
3473,"16211","0680","2","","","","富山県","射水市","本江東","",10,6,4,-,4
3474,"16211","0690","2","合算地域あり","","0650;0660;0670;0700","富山県","射水市","本江北","",128,60,68,32,45
3475,"16211","0700","2","秘匿地域","0690","","富山県","射水市","本江中","",X,X,X,X,X
3476,"16211","0710","3","","","","富山県","射水市","七美","",1175,535,640,10,322
3477,"16211","071000","4","","","","富山県","射水市","七美","",820,362,458,3,201
3478,"16211","071001","4","","","","富山県","射水市","七美","一丁目",-,-,-,-,-
3479,"16211","071002","4","","","","富山県","射水市","七美","二丁目",355,173,182,7,121
3480,"16211","0720","2","","","","富山県","射水市","七美中野","",309,152,157,1,103
3481,"16211","0740","2","","","","富山県","射水市","（水面調査区）","",-,-,-,-,-
3482,"16211","0750","2","","","","富山県","射水市","海竜新町","",-,-,-,-,-
3483,"16211","0760","3","","","","富山県","射水市","三ケ","",5191,2538,2653,89,2234
3484,"16211","076001","4","","","","富山県","射水市","三ケ","愛宕",78,35,43,-,24
3485,"16211","076002","4","","","","富山県","射水市","三ケ","伊勢領",1336,709,627,2,606
3486,"16211","076003","4","","","","富山県","射水市","三ケ","一番町",202,94,108,1,93
3487,"16211","076004","4","","","","富山県","射水市","三ケ","上新町",353,170,183,16,177
3488,"16211","076005","4","","","","富山県","射水市","三ケ","白銀町",209,100,109,12,93
3489,"16211","076006","4","","","","富山県","射水市","三ケ","新三ケ",176,77,99,-,72
3490,"16211","076007","4","","","","富山県","射水市","三ケ","新富町",172,68,104,2,78
3491,"16211","076008","4","","","","富山県","射水市","三ケ","水源町",351,169,182,1,155
3492,"16211","076009","4","","","","富山県","射水市","三ケ","住吉町",161,84,77,1,54
3493,"16211","076010","4","","","","富山県","射水市","三ケ","諏訪町",79,41,38,5,34
3494,"16211","076012","4","","","","富山県","射水市","三ケ","高寺",495,208,287,19,166
3495,"16211","076013","4","","","","富山県","射水市","三ケ","田町",295,151,144,8,144
3496,"16211","076014","4","","","","富山県","射水市","三ケ","常盤町",136,72,64,-,55
3497,"16211","076015","4","","","","富山県","射水市","三ケ","錦町",108,46,62,6,46
3498,"16211","076016","4","","","","富山県","射水市","三ケ","西町",251,138,113,8,100
3499,"16211","076017","4","","","","富山県","射水市","三ケ","初音町",86,32,54,7,44
3500,"16211","076018","4","","","","富山県","射水市","三ケ","本中町",215,101,114,1,99
3501,"16211","076019","4","","","","富山県","射水市","三ケ","水上",58,25,33,-,20
3502,"16211","076020","4","","","","富山県","射水市","三ケ","元町",188,104,84,-,90
3503,"16211","076021","4","","","","富山県","射水市","三ケ","夢美野",242,114,128,-,84
3504,"16211","0770","3","","","","富山県","射水市","戸破","",7185,3565,3620,134,2926
3505,"16211","077001","4","","","","富山県","射水市","戸破","荒町",97,48,49,4,37
3506,"16211","077002","4","","","","富山県","射水市","戸破","江上",22,10,12,-,7
3507,"16211","077003","4","","","","富山県","射水市","戸破","鍛冶屋橋",480,240,240,6,199
3508,"16211","077004","4","","","","富山県","射水市","戸破","神川町",55,29,26,-,26
3509,"16211","077005","4","","","","富山県","射水市","戸破","北手崎",463,234,229,13,191
3510,"16211","077006","4","","","","富山県","射水市","戸破","木舟町",125,53,72,21,59
3511,"16211","077007","4","","","","富山県","射水市","戸破","栄町",772,389,383,9,323
3512,"16211","077008","4","","","","富山県","射水市","戸破","さくら町",37,20,17,-,13
3513,"16211","077009","4","","","","富山県","射水市","戸破","昭和通り",41,22,19,-,23
3514,"16211","077010","4","","","","富山県","射水市","戸破","新栄町",58,26,32,-,18
3515,"16211","077011","4","","","","富山県","射水市","戸破","新町",89,46,43,-,37
3516,"16211","077012","4","","","","富山県","射水市","戸破","末永町",587,281,306,17,201
3517,"16211","077013","4","","","","富山県","射水市","戸破","高穂町",177,83,94,3,75
3518,"16211","077014","4","","","","富山県","射水市","戸破","宝町",224,104,120,-,74
3519,"16211","077015","4","","","","富山県","射水市","戸破","茶屋町",32,15,17,-,15
3520,"16211","077016","4","","","","富山県","射水市","戸破","中央通り一丁目",334,173,161,1,170
3521,"16211","077017","4","","","","富山県","射水市","戸破","中央通り二丁目",106,47,59,2,46
3522,"16211","077018","4","","","","富山県","射水市","戸破","中央通り三丁目",175,85,90,-,70
3523,"16211","077019","4","秘匿地域","077023","","富山県","射水市","戸破","手崎",X,X,X,X,X
3524,"16211","077020","4","","","","富山県","射水市","戸破","中町",65,32,33,-,24
3525,"16211","077021","4","","","","富山県","射水市","戸破","西楠町",559,258,301,8,218
3526,"16211","077022","4","","","","富山県","射水市","戸破","乗舟町",165,79,86,-,63
3527,"16211","077023","4","合算地域あり","","077019","富山県","射水市","戸破","針原",90,44,46,-,31
3528,"16211","077024","4","","","","富山県","射水市","戸破","南通り",262,142,120,5,113
3529,"16211","077025","4","","","","富山県","射水市","戸破","元町",1330,703,627,21,576
3530,"16211","077026","4","","","","富山県","射水市","戸破","若葉町",389,186,203,19,166
3531,"16211","077027","4","","","","富山県","射水市","戸破","若宮町",221,104,117,-,76
3532,"16211","077028","4","","","","富山県","射水市","戸破","いぶき野",230,112,118,5,75
3533,"16211","0780","2","","","","富山県","射水市","橋下条","",1366,668,698,1,413
3534,"16211","0790","2","","","","富山県","射水市","青井谷","",690,339,351,5,242
3535,"16211","0800","2","","","","富山県","射水市","大江","",490,214,276,1,136
3536,"16211","0810","2","","","","富山県","射水市","黒河","",1275,678,597,7,558
3537,"16211","0820","2","","","","富山県","射水市","土代","",172,88,84,1,53
3538,"16211","0830","3","","","","富山県","射水市","太閤山","",3183,1666,1517,252,1555
3539,"16211","083001","4","","","","富山県","射水市","太閤山","一丁目",528,333,195,26,373
3540,"16211","083002","4","","","","富山県","射水市","太閤山","二丁目",474,229,245,66,175
3541,"16211","083003","4","","","","富山県","射水市","太閤山","三丁目",302,139,163,13,123
3542,"16211","083004","4","","","","富山県","射水市","太閤山","四丁目",333,153,180,39,139
3543,"16211","083005","4","","","","富山県","射水市","太閤山","五丁目",156,78,78,1,58
3544,"16211","083006","4","","","","富山県","射水市","太閤山","六丁目",118,60,58,-,51
3545,"16211","083007","4","","","","富山県","射水市","太閤山","七丁目",312,168,144,1,121
3546,"16211","083008","4","","","","富山県","射水市","太閤山","八丁目",192,108,84,7,108
3547,"16211","083009","4","","","","富山県","射水市","太閤山","九丁目",239,147,92,3,134
3548,"16211","083010","4","","","","富山県","射水市","太閤山","十丁目",529,251,278,96,273
3549,"16211","0840","3","","","","富山県","射水市","中太閤山","",3178,1488,1690,101,1254
3550,"16211","084001","4","","","","富山県","射水市","中太閤山","一丁目",-,-,-,-,-
3551,"16211","084002","4","","","","富山県","射水市","中太閤山","二丁目",222,107,115,-,85
3552,"16211","084003","4","","","","富山県","射水市","中太閤山","三丁目",284,129,155,-,105
3553,"16211","084004","4","","","","富山県","射水市","中太閤山","四丁目",208,105,103,-,79
3554,"16211","084005","4","","","","富山県","射水市","中太閤山","五丁目",197,90,107,4,68
3555,"16211","084006","4","","","","富山県","射水市","中太閤山","六丁目",189,87,102,-,77
3556,"16211","084007","4","","","","富山県","射水市","中太閤山","七丁目",256,125,131,5,91
3557,"16211","084008","4","","","","富山県","射水市","中太閤山","八丁目",172,84,88,-,64
3558,"16211","084009","4","","","","富山県","射水市","中太閤山","九丁目",165,76,89,4,57
3559,"16211","084010","4","","","","富山県","射水市","中太閤山","十丁目",224,113,111,-,71
3560,"16211","084011","4","","","","富山県","射水市","中太閤山","十一丁目",-,-,-,-,-
3561,"16211","084012","4","","","","富山県","射水市","中太閤山","十二丁目",268,108,160,44,153
3562,"16211","084013","4","","","","富山県","射水市","中太閤山","十三丁目",121,60,61,13,55
3563,"16211","084014","4","","","","富山県","射水市","中太閤山","十四丁目",257,103,154,23,122
3564,"16211","084015","4","","","","富山県","射水市","中太閤山","十五丁目",192,105,87,5,90
3565,"16211","084016","4","","","","富山県","射水市","中太閤山","十六丁目",257,127,130,-,105
3566,"16211","084017","4","","","","富山県","射水市","中太閤山","十七丁目",117,61,56,2,31
3567,"16211","084018","4","","","","富山県","射水市","中太閤山","十八丁目",49,8,41,1,1
3568,"16211","0850","3","","","","富山県","射水市","南太閤山","",3040,1532,1508,32,1181
3569,"16211","085001","4","","","","富山県","射水市","南太閤山","一丁目",149,78,71,10,69
3570,"16211","085002","4","","","","富山県","射水市","南太閤山","二丁目",291,149,142,8,124
3571,"16211","085003","4","","","","富山県","射水市","南太閤山","三丁目",31,17,14,-,12
3572,"16211","085004","4","","","","富山県","射水市","南太閤山","四丁目",249,120,129,-,97
3573,"16211","085005","4","","","","富山県","射水市","南太閤山","五丁目",195,97,98,-,73
3574,"16211","085006","4","","","","富山県","射水市","南太閤山","六丁目",208,105,103,-,70
3575,"16211","085007","4","","","","富山県","射水市","南太閤山","七丁目",280,135,145,2,104
3576,"16211","085008","4","","","","富山県","射水市","南太閤山","八丁目",118,61,57,-,43
3577,"16211","085009","4","","","","富山県","射水市","南太閤山","九丁目",211,110,101,1,85
3578,"16211","085010","4","","","","富山県","射水市","南太閤山","十丁目",187,92,95,6,79
3579,"16211","085011","4","","","","富山県","射水市","南太閤山","十一丁目",249,121,128,2,98
3580,"16211","085012","4","","","","富山県","射水市","南太閤山","十二丁目",249,126,123,2,91
3581,"16211","085013","4","","","","富山県","射水市","南太閤山","十三丁目",172,92,80,1,60
3582,"16211","085014","4","","","","富山県","射水市","南太閤山","十四丁目",250,123,127,-,102
3583,"16211","085015","4","","","","富山県","射水市","南太閤山","十五丁目",201,106,95,-,74
3584,"16211","0860","2","","","","富山県","射水市","太閤町","",241,124,117,5,111
3585,"16211","0870","2","","","","富山県","射水市","黒河新","",664,361,303,11,304
3586,"16211","0880","2","","","","富山県","射水市","手崎","",1814,879,935,41,667
3587,"16211","0890","2","","","","富山県","射水市","稲積","",322,153,169,6,95
3588,"16211","0900","2","","","","富山県","射水市","西高木","",284,138,146,16,104
3589,"16211","0910","2","","","","富山県","射水市","小杉白石","",281,130,151,-,94
3590,"16211","0920","2","","","","富山県","射水市","鷲塚","",779,387,392,13,284
3591,"16211","0930","2","","","","富山県","射水市","塚越","",253,131,122,1,87
3592,"16211","0940","2","","","","富山県","射水市","中老田新","",211,106,105,4,76
3593,"16211","0950","2","","","","富山県","射水市","椎土","",157,78,79,-,52
3594,"16211","0960","2","","","","富山県","射水市","北野","",115,61,54,-,38
3595,"16211","0970","2","","","","富山県","射水市","山本新","",177,56,121,2,31
3596,"16211","0980","2","","","","富山県","射水市","上野","",275,132,143,-,102
3597,"16211","0990","2","","","","富山県","射水市","平野","",68,34,34,-,23
3598,"16211","1000","2","","","","富山県","射水市","浄土寺","",311,147,164,2,98
3599,"16211","1010","2","","","","富山県","射水市","池多","",327,147,180,17,137
3600,"16211","1020","3","","","","富山県","射水市","東太閤山","",947,461,486,3,296
3601,"16211","102001","4","","","","富山県","射水市","東太閤山","一丁目",283,133,150,3,90
3602,"16211","102002","4","","","","富山県","射水市","東太閤山","二丁目",231,123,108,-,72
3603,"16211","102003","4","","","","富山県","射水市","東太閤山","三丁目",267,131,136,-,87
3604,"16211","102004","4","","","","富山県","射水市","東太閤山","四丁目",166,74,92,-,47
3605,"16211","1030","2","","","","富山県","射水市","一条","",851,429,422,-,260
3606,"16211","1040","2","","","","富山県","射水市","西広上","",49,22,27,-,13
3607,"16211","1050","2","","","","富山県","射水市","広上","",951,455,496,6,273
3608,"16211","1060","2","","","","富山県","射水市","上条","",475,231,244,5,152
3609,"16211","1070","2","","","","富山県","射水市","島","",197,86,111,1,63
3610,"16211","1080","2","","","","富山県","射水市","堀内","",125,57,68,-,35
3611,"16211","1090","2","","","","富山県","射水市","下条","",181,92,89,-,58
3612,"16211","1100","2","","","","富山県","射水市","土合","",1393,690,703,33,512
3613,"16211","1110","2","","","","富山県","射水市","串田","",731,349,382,6,242
3614,"16211","1120","2","","","","富山県","射水市","串田新","",152,74,78,1,52
3615,"16211","1130","2","","","","富山県","射水市","荒町","",268,130,138,-,84
3616,"16211","1140","2","","","","富山県","射水市","円池","",63,34,29,-,20
3617,"16211","1150","2","","","","富山県","射水市","生源寺新","",20,9,11,1,9
3618,"16211","1160","2","","","","富山県","射水市","布目沢","",217,106,111,-,67
3619,"16211","1170","2","","","","富山県","射水市","小泉","",206,100,106,1,53
3620,"16211","1180","2","","","","富山県","射水市","水戸田","",531,239,292,1,168
3621,"16211","1190","2","","","","富山県","射水市","生源寺","",369,190,179,14,138
3622,"16211","1200","2","","","","富山県","射水市","市井","",172,76,96,-,52
3623,"16211","1210","2","","","","富山県","射水市","若林","",122,54,68,-,41
3624,"16211","1220","2","","","","富山県","射水市","竹鼻","",49,23,26,-,14
3625,"16211","1230","2","","","","富山県","射水市","開口","",24,11,13,-,7
3626,"16211","1240","2","","","","富山県","射水市","藤巻","",229,125,104,-,26
3627,"16211","1250","2","","","","富山県","射水市","二口","",2960,1447,1513,42,1099
3628,"16211","1260","2","","","","富山県","射水市","中村","",517,228,289,1,146
3629,"16211","1270","2","","","","富山県","射水市","大門本江","",240,129,111,17,86
3630,"16211","1280","2","","","","富山県","射水市","棚田","",159,75,84,-,49
3631,"16211","1290","2","","","","富山県","射水市","安吉","",169,76,93,-,54
3632,"16211","1300","2","","","","富山県","射水市","本田","",149,71,78,1,52
3633,"16211","1310","2","","","","富山県","射水市","下若","",56,28,28,1,16
3634,"16211","1320","2","","","","富山県","射水市","二口","",531,257,274,14,209
3635,"16211","1330","2","","","","富山県","射水市","二口","",138,61,77,4,53
3636,"16211","1340","2","","","","富山県","射水市","枇杷首","",178,89,89,-,76
3637,"16211","1350","2","","","","富山県","射水市","倉垣小杉","",67,34,33,-,23
3638,"16211","1360","2","","","","富山県","射水市","摺出寺","",108,49,59,2,35
3639,"16211","1370","2","","","","富山県","射水市","八講","",33,19,14,-,12
3640,"16211","1380","2","","","","富山県","射水市","白石","",579,288,291,9,206
3641,"16211","1390","2","","","","富山県","射水市","下村三箇","",122,56,66,-,41
3642,"16211","1400","2","","","","富山県","射水市","加茂中部","",689,324,365,2,216
3643,"16211","1410","3","","","","富山県","射水市","加茂東部","",82,40,42,-,33
3644,"16211","141001","4","","","","富山県","射水市","加茂東部","新村",40,17,23,-,19
3645,"16211","141002","4","","","","富山県","射水市","加茂東部","馬々田",42,23,19,-,14
3646,"16211","1420","2","","","","富山県","射水市","今開発","",318,149,169,1,104
3647,"16211","1430","2","","","","富山県","射水市","本開発","",464,219,245,2,139
3648,"16211","1440","2","","","","富山県","射水市","新開発","",824,385,439,10,293
3649,"16211","1450","2","","","","富山県","射水市","赤井","",1136,549,587,7,405
3650,"16211","1460","2","","","","富山県","射水市","鳥取","",105,51,54,2,41
3651,"16211","1470","2","","","","富山県","射水市","南高木","",28,11,17,-,8
3652,"16211","1480","2","","","","富山県","射水市","北高木","",252,115,137,-,75
3653,"16211","1490","2","","","","富山県","射水市","小林","",774,376,398,18,264
3654,"16211","1500","2","","","","富山県","射水市","八塚","",1280,606,674,3,453
3655,"16211","1510","2","","","","富山県","射水市","小島","",3048,1466,1582,51,1125
3656,"16211","1520","2","","","","富山県","射水市","中野","",1169,551,618,63,425
3657,"16211","1530","2","","","","富山県","射水市","若杉","",433,211,222,2,157
3658,"16211","1540","2","","","","富山県","射水市","北野","",448,207,241,2,170
3659,"16211","1560","2","","","","富山県","射水市","山屋","",39,19,20,-,13
3660,"16211","1570","2","","","","富山県","射水市","日宮","",72,34,38,1,21
3661,"16211","1580","2","","","","富山県","射水市","大島北野","",697,279,418,14,167
3662,"16211","1590","3","","","","富山県","射水市","あおば台","",822,417,405,4,228
3663,"16211","159001","4","","","","富山県","射水市","あおば台","一丁目",429,211,218,-,120
3664,"16211","159002","4","","","","富山県","射水市","あおば台","二丁目",393,206,187,4,108
3665,"16211","1600","2","","","","富山県","射水市","鏡宮弥生","",649,326,323,4,183
3666,"16321","-","1","","","","富山県","舟橋村","","",3132,1521,1611,51,1051
3667,"16321","0010","2","","","","富山県","舟橋村","国重","",561,275,286,3,185
3668,"16321","0020","2","","","","富山県","舟橋村","稲荷","",233,122,111,-,72
3669,"16321","0030","2","","","","富山県","舟橋村","竹内","",460,232,228,4,158
3670,"16321","0040","2","","","","富山県","舟橋村","舟橋","",651,290,361,36,220
3671,"16321","0050","2","","","","富山県","舟橋村","仏生寺","",150,75,75,-,50
3672,"16321","0060","2","","","","富山県","舟橋村","海老江","",76,34,42,3,32
3673,"16321","0070","2","","","","富山県","舟橋村","竹鼻","",226,117,109,-,73
3674,"16321","0080","2","","","","富山県","舟橋村","古海老江","",111,59,52,2,39
3675,"16321","0090","2","","","","富山県","舟橋村","東芦原","",664,317,347,3,222
3676,"16322","-","1","","","","富山県","上市町","","",19351,9255,10096,217,7256
3677,"16322","0010","2","","","","富山県","上市町","東町","",154,71,83,-,64
3678,"16322","0020","2","","","","富山県","上市町","神明町","",61,30,31,-,29
3679,"16322","0030","2","","","","富山県","上市町","上中町","",61,29,32,-,28
3680,"16322","0040","2","","","","富山県","上市町","錦町","",44,21,23,-,20
3681,"16322","0050","2","","","","富山県","上市町","西中町","",83,39,44,-,39
3682,"16322","0060","2","","","","富山県","上市町","新町","",93,37,56,-,48
3683,"16322","0070","2","","","","富山県","上市町","熊野町","",83,39,44,-,28
3684,"16322","0080","2","","","","富山県","上市町","鍵町","",60,28,32,-,21
3685,"16322","0090","2","","","","富山県","上市町","南町","",95,38,57,2,36
3686,"16322","0100","2","","","","富山県","上市町","森元町","",96,44,52,-,39
3687,"16322","0110","2","","","","富山県","上市町","石浦町","",44,18,26,-,22
3688,"16322","0120","2","","","","富山県","上市町","旭町","",390,186,204,-,135
3689,"16322","0130","2","","","","富山県","上市町","松和町","",42,17,25,-,19
3690,"16322","0140","2","","","","富山県","上市町","幸町","",47,19,28,6,21
3691,"16322","0150","2","","","","富山県","上市町","柳町","",155,77,78,3,67
3692,"16322","0160","2","","","","富山県","上市町","西町","",173,87,86,-,73
3693,"16322","0170","2","","","","富山県","上市町","栄町","",89,46,43,-,37
3694,"16322","0180","2","","","","富山県","上市町","天神町","",355,153,202,16,158
3695,"16322","0190","2","","","","富山県","上市町","北島","",595,293,302,1,217
3696,"16322","0200","2","","","","富山県","上市町","法音寺","",594,277,317,6,208
3697,"16322","0210","2","","","","富山県","上市町","上法音寺","",83,39,44,-,36
3698,"16322","0220","2","","","","富山県","上市町","法音寺","",350,175,175,1,135
3699,"16322","0230","2","","","","富山県","上市町","横法音寺","",751,363,388,7,293
3700,"16322","0240","2","","","","富山県","上市町","大坪","",61,32,29,-,24
3701,"16322","0250","2","","","","富山県","上市町","稗田","",1830,891,939,40,708
3702,"16322","0260","2","","","","富山県","上市町","正印","",790,390,400,9,303
3703,"16322","0280","2","","","","富山県","上市町","正印新","",75,38,37,-,29
3704,"16322","0290","2","","","","富山県","上市町","川原田","",41,23,18,-,14
3705,"16322","0300","2","","","","富山県","上市町","三日市","",212,98,114,-,84
3706,"16322","0310","2","","","","富山県","上市町","湯崎野","",283,136,147,1,112
3707,"16322","0320","2","","","","富山県","上市町","湯神子","",216,103,113,5,87
3708,"16322","0330","2","","","","富山県","上市町","堤谷","",81,37,44,-,29
3709,"16322","0340","2","","","","富山県","上市町","須山","",32,17,15,-,14
3710,"16322","0350","2","","","","富山県","上市町","眼目新","",87,45,42,2,32
3711,"16322","0380","2","","","","富山県","上市町","極楽寺","",105,50,55,-,36
3712,"16322","0390","2","","","","富山県","上市町","湯上野","",36,21,15,-,15
3713,"16322","0400","2","","","","富山県","上市町","釈泉寺","",20,11,9,-,9
3714,"16322","0410","2","","","","富山県","上市町","稲村","",-,-,-,-,-
3715,"16322","0420","2","合算地域あり","","0470","富山県","上市町","東種","",46,22,24,-,26
3716,"16322","0430","2","","","","富山県","上市町","西種","",33,17,16,-,20
3717,"16322","0440","2","","","","富山県","上市町","折戸","",-,-,-,-,-
3718,"16322","0450","2","秘匿地域","0600","","富山県","上市町","中村","",X,X,X,X,X
3719,"16322","0460","2","","","","富山県","上市町","蓬沢","",-,-,-,-,-
3720,"16322","0470","2","秘匿地域","0420","","富山県","上市町","伊折","",X,X,X,X,X
3721,"16322","0480","2","","","","富山県","上市町","広野","",1053,529,524,15,377
3722,"16322","0490","2","","","","富山県","上市町","野島","",84,39,45,-,27
3723,"16322","0500","2","","","","富山県","上市町","眼目","",52,23,29,-,18
3724,"16322","0510","2","","","","富山県","上市町","片地","",42,20,22,-,14
3725,"16322","0530","2","","","","富山県","上市町","田島野","",201,87,114,2,75
3726,"16322","0560","2","","","","富山県","上市町","野開発","",158,75,83,-,53
3727,"16322","0570","2","","","","富山県","上市町","広野新","",73,35,38,-,26
3728,"16322","0580","2","","","","富山県","上市町","郷柿沢","",415,200,215,2,151
3729,"16322","0590","2","","","","富山県","上市町","柿沢新","",166,84,82,-,56
3730,"16322","0600","2","合算地域あり","","0450;0630","富山県","上市町","黒川","",135,60,75,-,47
3731,"16322","0610","2","","","","富山県","上市町","開谷","",-,-,-,-,-
3732,"16322","0620","2","","","","富山県","上市町","五位尾","",-,-,-,-,-
3733,"16322","0630","2","秘匿地域","0600","","富山県","上市町","護摩堂","",X,X,X,X,X
3734,"16322","0640","2","","","","富山県","上市町","若杉","",744,354,390,8,304
3735,"16322","0650","2","","","","富山県","上市町","若杉新","",357,176,181,12,159
3736,"16322","0670","2","","","","富山県","上市町","江又","",237,112,125,1,85
3737,"16322","0680","2","","","","富山県","上市町","中小泉","",89,51,38,-,29
3738,"16322","0690","2","","","","富山県","上市町","荒田","",109,51,58,3,43
3739,"16322","0700","2","","","","富山県","上市町","森尻","",1022,459,563,6,307
3740,"16322","0710","2","","","","富山県","上市町","石仏","",106,51,55,-,33
3741,"16322","0720","2","","","","富山県","上市町","大永田","",184,90,94,-,67
3742,"16322","0730","2","","","","富山県","上市町","竹鼻","",79,38,41,-,28
3743,"16322","0740","2","","","","富山県","上市町","東江上","",170,78,92,-,60
3744,"16322","0750","2","","","","富山県","上市町","中江上","",485,229,256,-,193
3745,"16322","0760","2","","","","富山県","上市町","江上","",105,50,55,-,33
3746,"16322","0780","2","","","","富山県","上市町","柿沢","",500,246,254,2,187
3747,"16322","0790","2","","","","富山県","上市町","新屋","",206,105,101,-,72
3748,"16322","0800","2","","","","富山県","上市町","女川","",174,74,100,2,61
3749,"16322","0810","2","","","","富山県","上市町","舘","",216,73,143,-,56
3750,"16322","0830","2","","","","富山県","上市町","上経田","",382,187,195,11,140
3751,"16322","0880","2","","","","富山県","上市町","下経田","",579,274,305,-,204
3752,"16322","0900","2","","","","富山県","上市町","上荒又","",81,39,42,-,26
3753,"16322","0910","2","","","","富山県","上市町","下荒又","",234,128,106,27,101
3754,"16322","0930","2","","","","富山県","上市町","放士ケ瀬","",140,58,82,19,57
3755,"16322","0940","2","","","","富山県","上市町","放士ヶ瀬新","",585,284,301,2,194
3756,"16322","0960","2","","","","富山県","上市町","飯坂","",54,29,25,-,21
3757,"16322","0970","2","","","","富山県","上市町","飯坂新","",71,34,37,-,27
3758,"16322","0990","2","","","","富山県","上市町","中青出","",74,37,37,-,29
3759,"16322","1000","2","","","","富山県","上市町","下青出","",56,26,30,-,21
3760,"16322","1020","2","","","","富山県","上市町","久金","",251,118,133,3,80
3761,"16322","1040","2","","","","富山県","上市町","相ノ木新町","",310,152,158,1,126
3762,"16322","1050","2","合算地域あり","","1060","富山県","上市町","大松新","",27,9,18,-,13
3763,"16322","1060","2","秘匿地域","1050","","富山県","上市町","塩谷","",X,X,X,X,X
3764,"16322","1070","2","","","","富山県","上市町","大松","",50,23,27,-,21
3765,"16322","1080","2","合算地域あり","","1110","富山県","上市町","大岩","",61,31,30,-,28
3766,"16322","1090","2","","","","富山県","上市町","檜谷","",-,-,-,-,-
3767,"16322","1100","2","","","","富山県","上市町","大沢","",-,-,-,-,-
3768,"16322","1110","2","秘匿地域","1080","","富山県","上市町","浅生","",X,X,X,X,X
3769,"16322","1120","2","","","","富山県","上市町","和合","",212,91,121,-,80
3770,"16322","1130","2","","","","富山県","上市町","横越","",287,138,149,1,107
3771,"16322","1140","2","","","","富山県","上市町","神田","",289,151,138,1,105
3772,"16323","-","1","","","","富山県","立山町","","",24792,12002,12790,207,9047
3773,"16323","0010","2","","","","富山県","立山町","前沢","",1209,584,625,26,495
3774,"16323","0020","2","合算地域あり","","0090","富山県","立山町","前沢","",2674,1260,1414,18,954
3775,"16323","0030","2","","","","富山県","立山町","本郷島","",180,81,99,-,69
3776,"16323","0040","2","","","","富山県","立山町","草野","",141,76,65,1,54
3777,"16323","0050","2","","","","富山県","立山町","大石原","",478,214,264,3,145
3778,"16323","0060","2","","","","富山県","立山町","野口","",97,42,55,-,28
3779,"16323","0070","2","","","","富山県","立山町","野口","",506,249,257,-,161
3780,"16323","0080","2","","","","富山県","立山町","野口","",139,71,68,-,45
3781,"16323","0090","2","秘匿地域","0020","","富山県","立山町","前沢","",X,X,X,X,X
3782,"16323","0100","2","","","","富山県","立山町","榎","",267,128,139,3,107
3783,"16323","0110","2","","","","富山県","立山町","榎","",251,125,126,1,83
3784,"16323","0120","2","","","","富山県","立山町","榎","",163,77,86,1,65
3785,"16323","0130","2","","","","富山県","立山町","榎","",311,153,158,1,116
3786,"16323","0140","2","","","","富山県","立山町","貫田","",117,55,62,-,39
3787,"16323","0150","2","","","","富山県","立山町","榎","",495,246,249,1,150
3788,"16323","0160","2","","","","富山県","立山町","榎","",83,41,42,-,27
3789,"16323","0170","2","","","","富山県","立山町","川原木","",77,42,35,-,25
3790,"16323","0180","2","","","","富山県","立山町","坂井沢","",161,83,78,-,64
3791,"16323","0190","2","","","","富山県","立山町","上金剛寺","",98,51,47,-,34
3792,"16323","0200","2","","","","富山県","立山町","坂井沢","",99,49,50,-,32
3793,"16323","0210","2","","","","富山県","立山町","金剛新","",47,24,23,-,18
3794,"16323","0220","2","","","","富山県","立山町","金剛新","",75,34,41,-,27
3795,"16323","0230","2","","","","富山県","立山町","江崎","",72,35,37,-,29
3796,"16323","0240","2","","","","富山県","立山町","米沢","",119,62,57,-,42
3797,"16323","0250","2","","","","富山県","立山町","江崎","",32,12,20,1,17
3798,"16323","0260","2","","","","富山県","立山町","米沢","",279,130,149,1,92
3799,"16323","0270","2","","","","富山県","立山町","米沢","",472,221,251,2,172
3800,"16323","0280","2","","","","富山県","立山町","米沢","",310,146,164,15,127
3801,"16323","0290","2","","","","富山県","立山町","沢端","",375,184,191,-,131
3802,"16323","0300","2","","","","富山県","立山町","東野","",94,41,53,-,33
3803,"16323","0310","2","","","","富山県","立山町","高原","",93,39,54,2,32
3804,"16323","0320","2","","","","富山県","立山町","下新","",67,40,27,-,21
3805,"16323","0330","2","","","","富山県","立山町","横江","",58,29,29,-,26
3806,"16323","0340","2","","","","富山県","立山町","竹林","",119,54,65,-,39
3807,"16323","0350","2","","","","富山県","立山町","米沢","",128,55,73,-,48
3808,"16323","0360","2","","","","富山県","立山町","米沢","",50,19,31,2,26
3809,"16323","0370","2","","","","富山県","立山町","米沢","",131,53,78,2,64
3810,"16323","0380","2","","","","富山県","立山町","西大森","",243,110,133,-,76
3811,"16323","0390","2","","","","富山県","立山町","西大森","",54,25,29,1,21
3812,"16323","0400","2","","","","富山県","立山町","泊新","",105,45,60,-,29
3813,"16323","0410","2","","","","富山県","立山町","東大森","",123,58,65,2,38
3814,"16323","0420","2","","","","富山県","立山町","蔵本新","",448,233,215,2,138
3815,"16323","0430","2","","","","富山県","立山町","高原八ツ屋","",131,65,66,1,39
3816,"16323","0440","2","","","","富山県","立山町","蔵本新","",190,92,98,-,56
3817,"16323","0450","2","","","","富山県","立山町","半屋","",150,68,82,-,51
3818,"16323","0460","2","","","","富山県","立山町","蔵本新","",1037,507,530,3,374
3819,"16323","0470","2","","","","富山県","立山町","利田","",187,82,105,5,62
3820,"16323","0480","2","","","","富山県","立山町","利田","",393,195,198,10,139
3821,"16323","0490","2","","","","富山県","立山町","利田","",220,106,114,1,65
3822,"16323","0500","2","","","","富山県","立山町","利田","",318,159,159,2,103
3823,"16323","0510","2","","","","富山県","立山町","利田","",69,34,35,1,22
3824,"16323","0520","2","","","","富山県","立山町","利田","",76,34,42,-,32
3825,"16323","0530","2","","","","富山県","立山町","横沢","",298,151,147,2,101
3826,"16323","0540","2","","","","富山県","立山町","五郎丸","",430,210,220,15,147
3827,"16323","0550","2","","","","富山県","立山町","塚越","",56,29,27,-,18
3828,"16323","0560","2","","","","富山県","立山町","浅生","",256,127,129,1,93
3829,"16323","0570","2","","","","富山県","立山町","鉾ノ木","",135,70,65,6,49
3830,"16323","0580","2","","","","富山県","立山町","利田","",279,142,137,3,95
3831,"16323","0590","2","","","","富山県","立山町","利田","",352,178,174,2,108
3832,"16323","0600","2","","","","富山県","立山町","日中","",257,117,140,-,91
3833,"16323","0610","2","","","","富山県","立山町","野沢","",119,62,57,-,40
3834,"16323","0620","2","","","","富山県","立山町","日中上野","",65,24,41,1,22
3835,"16323","0630","2","","","","富山県","立山町","福田","",317,153,164,4,108
3836,"16323","0640","2","","","","富山県","立山町","上中","",69,33,36,-,24
3837,"16323","0650","2","","","","富山県","立山町","下白岩","",14,7,7,-,5
3838,"16323","0660","2","","","","富山県","立山町","福田","",11,5,6,-,6
3839,"16323","0670","2","","","","富山県","立山町","末上野","",130,39,91,-,19
3840,"16323","0680","2","","","","富山県","立山町","小林","",38,19,19,-,13
3841,"16323","0690","2","","","","富山県","立山町","上宮","",56,31,25,-,19
3842,"16323","0700","2","","","","富山県","立山町","下瀬戸","",118,63,55,-,46
3843,"16323","0710","2","","","","富山県","立山町","上末","",152,70,82,-,57
3844,"16323","0720","2","秘匿地域","0730","","富山県","立山町","池田","",X,X,X,X,X
3845,"16323","0730","2","合算地域あり","","0720;0740","富山県","立山町","上瀬戸","",66,32,34,-,24
3846,"16323","0740","2","秘匿地域","0730","","富山県","立山町","下瀬戸","",X,X,X,X,X
3847,"16323","0750","2","","","","富山県","立山町","芦見","",21,10,11,-,10
3848,"16323","0760","2","","","","富山県","立山町","四谷尾","",124,58,66,-,48
3849,"16323","0770","2","","","","富山県","立山町","谷口","",35,17,18,-,13
3850,"16323","0780","2","","","","富山県","立山町","虫谷","",36,16,20,-,15
3851,"16323","0790","2","合算地域あり","","0800","富山県","立山町","白岩","",145,64,81,-,61
3852,"16323","0800","2","秘匿地域","0790","","富山県","立山町","六郎谷","",X,X,X,X,X
3853,"16323","0810","2","","","","富山県","立山町","目桑","",29,17,12,-,15
3854,"16323","0820","2","秘匿地域","1070","","富山県","立山町","谷","",X,X,X,X,X
3855,"16323","0830","2","秘匿地域","1070","","富山県","立山町","伊勢屋","",X,X,X,X,X
3856,"16323","0840","2","","","","富山県","立山町","長倉","",-,-,-,-,-
3857,"16323","0850","2","秘匿地域","1070","","富山県","立山町","小又","",X,X,X,X,X
3858,"16323","0860","2","","","","富山県","立山町","松倉","",-,-,-,-,-
3859,"16323","0870","2","","","","富山県","立山町","座主坊","",-,-,-,-,-
3860,"16323","0880","2","","","","富山県","立山町","野村","",96,48,48,-,32
3861,"16323","0890","2","","","","富山県","立山町","末三賀","",114,51,63,-,34
3862,"16323","0900","2","","","","富山県","立山町","末三賀","",180,86,94,2,56
3863,"16323","0910","2","","","","富山県","立山町","道源寺","",151,70,81,-,61
3864,"16323","0920","2","","","","富山県","立山町","道源寺","",402,204,198,-,147
3865,"16323","0930","2","","","","富山県","立山町","道源寺","",221,93,128,1,100
3866,"16323","0940","2","","","","富山県","立山町","鋳物師沢","",140,72,68,-,51
3867,"16323","0950","2","","","","富山県","立山町","寺坪","",199,94,105,1,68
3868,"16323","0960","2","","","","富山県","立山町","末谷口","",78,32,46,1,24
3869,"16323","0970","2","","","","富山県","立山町","岩峅寺","",587,287,300,8,210
3870,"16323","0980","2","","","","富山県","立山町","岩峅寺","",343,159,184,1,126
3871,"16323","0990","2","","","","富山県","立山町","岩峅野","",148,71,77,2,47
3872,"16323","1000","2","","","","富山県","立山町","宮路","",171,80,91,-,60
3873,"16323","1010","2","","","","富山県","立山町","吉峰野開","",107,56,51,8,48
3874,"16323","1020","2","","","","富山県","立山町","栃津","",27,11,16,1,15
3875,"16323","1030","2","","","","富山県","立山町","東中野新","",52,24,28,-,31
3876,"16323","1040","2","","","","富山県","立山町","横江野開","",78,40,38,-,34
3877,"16323","1050","2","","","","富山県","立山町","横江","",98,44,54,8,37
3878,"16323","1060","2","","","","富山県","立山町","千垣","",121,56,65,3,61
3879,"16323","1070","2","合算地域あり","","0820;0830;0850;1080","富山県","立山町","芦峅寺","",256,111,145,1,110
3880,"16323","1080","2","秘匿地域","1070","","富山県","立山町","芦峅寺","",X,X,X,X,X
3881,"16323","1090","2","","","","富山県","立山町","芦峅寺","",21,15,6,-,21
3882,"16323","1100","2","","","","富山県","立山町","芦峅寺","",291,224,67,1,284
3883,"16323","1110","2","","","","富山県","立山町","若宮","",334,155,179,4,121
3884,"16323","1120","2","","","","富山県","立山町","寺田","",224,116,108,2,84
3885,"16323","1130","2","","","","富山県","立山町","浦田","",238,115,123,3,92
3886,"16323","1140","2","","","","富山県","立山町","浦田","",311,148,163,2,133
3887,"16323","1150","2","","","","富山県","立山町","浦田新","",470,242,228,2,150
3888,"16323","1160","2","","","","富山県","立山町","二ツ塚","",137,69,68,2,40
3889,"16323","1170","2","","","","富山県","立山町","沢端","",161,80,81,-,62
3890,"16323","1180","2","","","","富山県","立山町","上女川新","",18,9,9,-,7
3891,"16323","1190","2","","","","富山県","立山町","女川新","",59,23,36,-,22
3892,"16323","1200","2","","","","富山県","立山町","辻","",251,124,127,4,81
3893,"16323","1210","2","","","","富山県","立山町","泉","",245,118,127,3,94
3894,"16323","1220","2","","","","富山県","立山町","寺田","",498,232,266,3,172
3895,"16323","1230","2","","","","富山県","立山町","柿の木沢","",546,281,265,2,203
3896,"16342","-","1","","","","富山県","入善町","","",23839,11385,12454,443,8699
3897,"16342","0010","2","","","","富山県","入善町","神林","",170,85,85,-,54
3898,"16342","0020","2","","","","富山県","入善町","青島","",911,439,472,38,342
3899,"16342","0030","2","","","","富山県","入善町","入膳","",4285,2028,2257,93,1774
3900,"16342","0040","2","","","","富山県","入善町","田中","",233,111,122,-,67
3901,"16342","0050","2","","","","富山県","入善町","東五十里","",141,73,68,1,45
3902,"16342","0060","2","","","","富山県","入善町","君島","",214,107,107,1,70
3903,"16342","0070","2","","","","富山県","入善町","上野","",2220,1023,1197,91,811
3904,"16342","0080","2","","","","富山県","入善町","道市","",216,100,116,1,64
3905,"16342","0090","2","","","","富山県","入善町","吉原","",612,299,313,8,219
3906,"16342","0100","2","","","","富山県","入善町","青木","",1187,579,608,27,440
3907,"16342","0110","2","","","","富山県","入善町","目川","",150,84,66,11,55
3908,"16342","0120","2","","","","富山県","入善町","木根","",334,118,216,59,156
3909,"16342","0130","2","","","","富山県","入善町","神子沢","",116,54,62,-,45
3910,"16342","0140","2","","","","富山県","入善町","五十里","",48,24,24,-,20
3911,"16342","0150","2","","","","富山県","入善町","高瀬","",34,14,20,-,14
3912,"16342","0160","2","","","","富山県","入善町","下飯野新","",265,117,148,1,92
3913,"16342","0170","2","","","","富山県","入善町","下飯野","",514,235,279,3,174
3914,"16342","0180","2","","","","富山県","入善町","下飯野","",718,354,364,1,266
3915,"16342","0190","2","","","","富山県","入善町","高畠","",270,126,144,-,95
3916,"16342","0200","2","","","","富山県","入善町","蛇沢","",76,34,42,-,29
3917,"16342","0210","2","","","","富山県","入善町","五郎八","",228,115,113,-,76
3918,"16342","0220","2","","","","富山県","入善町","板屋","",143,67,76,-,48
3919,"16342","0230","2","","","","富山県","入善町","笹原","",141,63,78,1,43
3920,"16342","0240","2","","","","富山県","入善町","上飯野","",388,216,172,44,202
3921,"16342","0250","2","","","","富山県","入善町","上飯野新","",271,140,131,-,92
3922,"16342","0260","2","","","","富山県","入善町","道古","",113,52,61,-,35
3923,"16342","0270","2","","","","富山県","入善町","東狐","",1120,537,583,7,396
3924,"16342","0280","2","","","","富山県","入善町","小摺戸","",442,226,216,-,154
3925,"16342","0290","2","","","","富山県","入善町","青木新","",43,22,21,-,14
3926,"16342","0300","2","","","","富山県","入善町","袖沢","",41,18,23,1,16
3927,"16342","0310","2","","","","富山県","入善町","福島","",325,156,169,-,113
3928,"16342","0320","2","","","","富山県","入善町","若栗新","",112,53,59,-,38
3929,"16342","0330","2","","","","富山県","入善町","一宿","",244,122,122,3,79
3930,"16342","0340","2","","","","富山県","入善町","新屋","",860,413,447,2,278
3931,"16342","0350","2","","","","富山県","入善町","下山","",261,132,129,-,85
3932,"16342","0360","2","","","","富山県","入善町","浦山新","",426,221,205,3,111
3933,"16342","0370","2","","","","富山県","入善町","墓ノ木","",207,95,112,-,71
3934,"16342","0380","2","","","","富山県","入善町","椚山","",1823,910,913,32,677
3935,"16342","0390","2","","","","富山県","入善町","小杉","",320,132,188,-,73
3936,"16342","0400","2","","","","富山県","入善町","椚山新","",181,84,97,3,63
3937,"16342","0410","2","","","","富山県","入善町","田の又","",97,49,48,1,29
3938,"16342","0420","2","","","","富山県","入善町","荒又","",200,98,102,1,68
3939,"16342","0430","2","","","","富山県","入善町","八幡","",242,116,126,-,90
3940,"16342","0440","2","","","","富山県","入善町","横山","",610,285,325,2,216
3941,"16342","0450","2","","","","富山県","入善町","春日","",198,97,101,1,73
3942,"16342","0460","2","","","","富山県","入善町","古黒部","",325,161,164,1,104
3943,"16342","0470","2","","","","富山県","入善町","舟見","",1128,494,634,6,387
3944,"16342","0480","2","","","","富山県","入善町","野中","",145,78,67,-,57
3945,"16342","0490","2","","","","富山県","入善町","中沢","",132,55,77,-,45
3946,"16342","0500","2","","","","富山県","入善町","西中","",98,43,55,-,32
3947,"16342","0510","2","","","","富山県","入善町","今江","",176,84,92,-,69
3948,"16342","0520","2","","","","富山県","入善町","藤原","",85,47,38,-,33
3949,"16343","-","1","","","","富山県","朝日町","","",11081,5232,5849,124,4353
3950,"16343","0010","2","合算地域あり","","0020","富山県","朝日町","境","",375,186,189,7,153
3951,"16343","0020","2","秘匿地域","0010","","富山県","朝日町","大平","",X,X,X,X,X
3952,"16343","0030","2","","","","富山県","朝日町","宮崎","",406,205,201,4,165
3953,"16343","0040","2","","","","富山県","朝日町","元屋敷","",10,6,4,-,4
3954,"16343","0050","2","","","","富山県","朝日町","笹川","",240,127,113,2,104
3955,"16343","0060","2","","","","富山県","朝日町","横尾","",425,198,227,1,165
3956,"16343","0070","2","","","","富山県","朝日町","泊","",901,358,543,4,303
3957,"16343","0080","2","","","","富山県","朝日町","大屋","",27,13,14,-,10
3958,"16343","0090","2","","","","富山県","朝日町","東草野","",755,351,404,2,311
3959,"16343","0100","2","","","","富山県","朝日町","沼保","",676,299,377,6,266
3960,"16343","0110","2","","","","富山県","朝日町","荒川","",437,197,240,4,180
3961,"16343","0120","2","","","","富山県","朝日町","道下","",607,289,318,5,246
3962,"16343","0130","2","","","","富山県","朝日町","平柳","",795,399,396,25,360
3963,"16343","0140","2","","","","富山県","朝日町","西町","",146,64,82,2,57
3964,"16343","0150","2","","","","富山県","朝日町","中草野","",143,69,74,5,44
3965,"16343","0160","2","","","","富山県","朝日町","桜町","",869,407,462,11,350
3966,"16343","0170","2","","","","富山県","朝日町","月山新","",91,40,51,1,33
3967,"16343","0180","2","","","","富山県","朝日町","月山","",268,132,136,2,95
3968,"16343","0190","2","","","","富山県","朝日町","草野","",384,195,189,-,139
3969,"16343","0200","2","","","","富山県","朝日町","赤川","",184,94,90,1,82
3970,"16343","0210","2","","","","富山県","朝日町","南保","",78,30,48,11,41
3971,"16343","0220","2","","","","富山県","朝日町","長野","",63,31,32,-,25
3972,"16343","0230","2","","","","富山県","朝日町","石谷","",17,7,10,-,8
3973,"16343","0240","2","","","","富山県","朝日町","蛭谷","",98,46,52,-,51
3974,"16343","0250","2","","","","富山県","朝日町","小更","",74,35,39,-,22
3975,"16343","0260","2","","","","富山県","朝日町","越","",108,53,55,1,42
3976,"16343","0270","2","","","","富山県","朝日町","竹ノ内","",28,12,16,-,12
3977,"16343","0280","2","","","","富山県","朝日町","南保町","",246,118,128,-,92
3978,"16343","0290","2","","","","富山県","朝日町","高畠","",106,49,57,1,45
3979,"16343","0300","2","合算地域あり","","0480","富山県","朝日町","山崎","",507,256,251,5,224
3980,"16343","0310","2","","","","富山県","朝日町","山崎新","",45,26,19,-,18
3981,"16343","0320","2","","","","富山県","朝日町","細野","",60,31,29,-,25
3982,"16343","0330","2","","","","富山県","朝日町","山王","",12,7,5,-,6
3983,"16343","0340","2","","","","富山県","朝日町","殿町","",252,112,140,1,104
3984,"16343","0350","2","","","","富山県","朝日町","大家庄","",345,170,175,10,122
3985,"16343","0360","2","","","","富山県","朝日町","三枚橋","",101,47,54,-,41
3986,"16343","0370","2","","","","富山県","朝日町","不動堂","",63,33,30,1,22
3987,"16343","0380","2","秘匿地域","0390","","富山県","朝日町","野新","",X,X,X,X,X
3988,"16343","0390","2","合算地域あり","","0380","富山県","朝日町","高橋","",32,17,15,1,14
3989,"16343","0400","2","","","","富山県","朝日町","横水","",139,73,66,-,47
3990,"16343","0410","2","","","","富山県","朝日町","下山新","",238,112,126,3,78
3991,"16343","0420","2","","","","富山県","朝日町","金山","",191,88,103,-,64
3992,"16343","0430","2","","","","富山県","朝日町","窪田","",126,58,68,-,49
3993,"16343","0440","2","","","","富山県","朝日町","舟川新","",160,77,83,6,57
3994,"16343","0450","2","","","","富山県","朝日町","横道","",36,15,21,-,13
3995,"16343","0460","2","","","","富山県","朝日町","藤塚","",114,47,67,-,37
3996,"16343","0470","2","","","","富山県","朝日町","下野","",103,53,50,2,27
3997,"16343","0480","2","秘匿地域","0300","","富山県","朝日町","大蓮華","",X,X,X,X,X
